receipt_code	drug_name
620000225	グルアセト３５注　５００ｍＬ
620000226	グルアセト３５注　２５０ｍＬ
620000237	生理食塩液　１．３Ｌ
620000238	生理食塩液　１．５Ｌ
620000239	生理食塩液　２Ｌ
620001328	カーミパック生理食塩液Ｌ　１．３Ｌ
620001893	大塚食塩注１０％　２０ｍＬ
620002215	生食注シリンジ「ＮＰ」　１０ｍＬ
620002216	生食注シリンジ「ＮＰ」　２０ｍＬ
620002471	カーミパック生理食塩液Ｌ　１．５Ｌ
620002569	塩化ナトリウム注１モルシリンジ「テルモ」　１モル２０ｍＬ
620002570	塩化ナトリウム注１０％シリンジ「テルモ」　２０ｍＬ
620002947	１０％食塩注シリンジ「タイヨー」　２０ｍＬ
620004100	アセトキープ３Ｇ注　５００ｍＬ
620004101	アセトキープ３Ｇ注　２００ｍＬ
620004136	生食注シリンジ「オーツカ」５ｍＬ
620004137	生理食塩液「ヒカリ」　２５０ｍＬ
620004322	１０％食塩注「小林」　２０ｍＬ
620004658	ＫＣＬ注１０ｍＥｑキット「テルモ」　１モル１０ｍＬ
620004659	ＫＣＬ注２０ｍＥｑキット「テルモ」　１モル２０ｍＬ
620005681	ニソリＭ注　２５０ｍＬ
620005682	ニソリＭ注　５００ｍＬ
620005702	ペロール注　３００ｍＬ
620005703	ペロール注　５００ｍＬ
620005704	ペンライブ注　２００ｍＬ
620005705	ペンライブ注　３００ｍＬ
620005706	ペンライブ注　５００ｍＬ
620005818	塩化ナトリウム注１０％「日新」　２０ｍＬ
620006186	アステマリン３号ＭＧ輸液　５００ｍＬ
620006236	生理食塩液バッグ「フソー」　２５０ｍＬ
620006237	生理食塩液バッグ「フソー」　５００ｍＬ
620006238	生理食塩液バッグ「フソー」　１Ｌ
620006246	ソルアセトＦ輸液　５００ｍＬ
620006247	ソルアセトＦ輸液　１Ｌ
620006248	ソルアセトＤ輸液　２５０ｍＬ
620006249	ソルアセトＤ輸液　５００ｍＬ
620006250	ソルマルト輸液　２００ｍＬ
620006251	ソルマルト輸液　５００ｍＬ
620006252	ソルラクトＳ輸液　２５０ｍＬ
620006253	ソルラクトＳ輸液　５００ｍＬ
620006254	ソルラクトＴＭＲ輸液　２５０ｍＬ
620006255	ソルラクトＴＭＲ輸液　５００ｍＬ
620006256	ソルラクトＤ輸液　２５０ｍＬ
620006257	ソルラクトＤ輸液　５００ｍＬ
620006258	ソルラクト輸液　２５０ｍＬ
620006259	ソルラクト輸液　５００ｍＬ
620006260	ソルラクト輸液　１Ｌ
620006274	ニソリ輸液　５００ｍＬ
620006285	ヒシナルク３号輸液　２００ｍＬ
620006286	ヒシナルク３号輸液　５００ｍＬ
620006330	リプラス１号輸液　２００ｍＬ
620006331	リプラス１号輸液　５００ｍＬ
620006333	リプラス１号輸液　２００ｍＬ
620006334	リプラス１号輸液　５００ｍＬ
620006335	リプラス３号輸液　２００ｍＬ
620006336	リプラス３号輸液　５００ｍＬ
620006337	リプラス３号輸液　２００ｍＬ
620006338	リプラス３号輸液　５００ｍＬ
620006347	リン酸２カリウム注２０ｍＥｑキット「テルモ」　０．５モル２０ｍＬ
620006610	塩化ナトリウム注１０％「フソー」　２０ｍＬ
620006622	生食液５００ｍＬ「ＣＭＸ」
620006623	生食注２０ｍＬ「ＣＭＸ」
620006624	生理食塩液バッグ「フソー」　１．５Ｌ
620006625	生理食塩液ＰＬ「フソー」　２０ｍＬ
620006626	生理食塩液ＰＬ「フソー」　５０ｍＬ
620006627	生理食塩液ＰＬ「フソー」　１００ｍＬ
620006628	生理食塩液ＰＬ「フソー」　２００ｍＬ
620006629	生理食塩液ＰＬ「フソー」　５００ｍＬ
620006630	生理食塩液ＰＬ「フソー」　１Ｌ
620006631	生理食塩液ＰＬ「フソー」　２Ｌ
620006632	生理食塩液「フソー」　５ｍＬ
620006766	リンゲル液「オーツカ」　５００ｍＬ
620007164	アクマルト輸液　５００ｍＬ
620007192	ＥＬ－３号輸液　５００ｍＬ
620007230	塩化Ｎａ補正液１ｍＥｑ／ｍＬ　１モル２０ｍＬ
620007245	大塚生食注２ポート１００ｍＬ
620007277	クリニザルツ輸液　５００ｍＬ
620007282	ＫＮＭＧ３号輸液　５００ｍＬ
620007284	ＫＮ１号輸液　２００ｍＬ
620007285	ＫＮ１号輸液　５００ｍＬ
620007286	ＫＮ２号輸液　５００ｍＬ
620007288	ＫＮ３号輸液　２００ｍＬ
620007289	ＫＮ３号輸液　５００ｍＬ
620007290	ＫＮ４号輸液　５００ｍＬ
620007291	ＫＣＬ補正液１ｍＥｑ／ｍＬ　１モル２０ｍＬ
620007315	１０％ＥＬ－３号輸液　５００ｍＬ
620007337	ソルデム１輸液　２００ｍＬ
620007338	ソルデム１輸液　５００ｍＬ
620007339	ソルデム２輸液　２００ｍＬ
620007340	ソルデム２輸液　５００ｍＬ
620007341	ソルデム３ＡＧ輸液　２００ｍＬ
620007342	ソルデム３ＡＧ輸液　５００ｍＬ
620007343	ソルデム３Ａ輸液　２００ｍＬ
620007344	ソルデム３Ａ輸液　５００ｍＬ
620007345	ソルデム３Ａ輸液　１Ｌ
620007346	ソルデム３ＰＧ輸液　２００ｍＬ
620007347	ソルデム３ＰＧ輸液　５００ｍＬ
620007348	ソルデム３輸液　２００ｍＬ
620007349	ソルデム３輸液　５００ｍＬ
620007354	ソルデム６輸液　２００ｍＬ
620007355	ソルデム６輸液　５００ｍＬ
620007378	デノサリン１輸液　２００ｍＬ
620007379	デノサリン１輸液　５００ｍＬ
620007396	トリフリード輸液　５００ｍＬ
620007397	トリフリード輸液　１Ｌ
620007403	乳酸Ｎａ補正液１ｍＥｑ／ｍＬ　１モル２０ｍＬ
620007434	ハルトマン－Ｇ３号輸液　５００ｍＬ
620007435	ハルトマン－Ｇ３号輸液　２００ｍＬ
620007444	ビカーボン輸液　５００ｍＬ
620007494	ポタコールＲ輸液　２５０ｍＬ
620007495	ポタコールＲ輸液　５００ｍＬ
620007531	ラクテックＧ輸液　２５０ｍＬ
620007532	ラクテックＧ輸液　５００ｍＬ
620007533	ラクテックＧ輸液　１Ｌ
620007535	ラクテックＤ輸液　５００ｍＬ
620008176	大塚生食注２ポート５０ｍＬ
620008404	リンゲル液「フソー」　５００ｍＬ
620008529	生食注シリンジ「オーツカ」１０ｍＬ
620008530	生食注シリンジ「オーツカ」２０ｍＬ
620008857	生食注シリンジ「ＳＮ」５ｍＬ
620008858	生食注シリンジ「ＳＮ」１０ｍＬ
620008859	生食注シリンジ「ＳＮ」２０ｍＬ
620009265	生食液ＮＳ　５ｍＬ
620009562	生食注シリンジ「ＮＰ」　５ｍＬ
620765806	塩化ナトリウム注１０％「ＨＫ」　２０ｍＬ
620765904	生理食塩液「ＮＰ」　５ｍＬ
620766006	生理食塩液「ＮＰ」　２０ｍＬ
620766024	生理食塩液「ヒカリ」　２０ｍＬ
620766032	生理食塩液「マイラン」　２０ｍＬ
620766034	生食注２０ｍＬ「Ｈｐ」
620766727	生理食塩液「マイラン」　１００ｍＬ
620766904	生理食塩液「マイラン」　２５０ｍＬ
620767118	生理食塩液「マイラン」　５００ｍＬ
620767302	生理食塩液「ＮＰ」　５００ｍＬ
620767310	生理食塩液「ＡＹ」　５００ｍＬ
620767507	エポプロステノール静注ヤンセン専用溶解液（生理食塩液）　５０ｍＬ
620767704	生食液バッグ１００ｍＬ「ＣＭＸ」
620767902	生理食塩液「ＮＰ」　２５０ｍＬ
620768401	生食注キット「フソー」　１００ｍＬ
620769401	サリンヘス輸液６％　５００ｍＬ
620791601	ヘスパンダー輸液　５００ｍＬ
620793801	アクメインＤ輸液　５００ｍＬ
620794204	リナセートＤ輸液　５００ｍＬ
620795601	サヴィオゾール輸液　５００ｍＬ
620797301	フィジオ７０輸液　５００ｍＬ
620797401	フィジオ３５輸液　２５０ｍＬ
620797501	フィジオ３５輸液　５００ｍＬ
621311001	フィジオ１４０輸液　２５０ｍＬ
621311101	フィジオ１４０輸液　５００ｍＬ
621514701	ハルトマン輸液「ＮＰ」　５００ｍＬ
621514801	ハルトマン輸液ｐＨ８「ＮＰ」　５００ｍＬ
621514901	ハルトマン輸液ｐＨ８「ＮＰ」　１Ｌ
621554802	ユエキンキープ３号輸液　２００ｍＬ
621554902	ユエキンキープ３号輸液　５００ｍＬ
621560603	テルモ生食　１．３Ｌ
621572001	ＫＣＬ補正液キット２０ｍＥｑ　０．４モル５０ｍＬ
621621301	フィジオゾール３号輸液　５００ｍＬ
621672103	生食注シリンジ「テバ」２０ｍＬ
621672202	生食注シリンジ「テバ」１０ｍＬ
621672303	生食注シリンジ「テバ」５ｍＬ
621695101	アクメインＤ輸液　５００ｍＬ
621753501	アセテート維持液３Ｇ「ＨＫ」　２００ｍＬ
621753601	アセテート維持液３Ｇ「ＨＫ」　５００ｍＬ
621956601	生食注キット「フソー」　５０ｍＬ
621969101	塩化Ｎａ補正液２．５ｍＥｑ／ｍＬ　２．５モル２０ｍＬ
621969501	塩化アンモニウム補正液５ｍＥｑ／ｍＬ　５モル２０ｍＬ
622016601	ビカネイト輸液　５００ｍＬ
622016701	ビカネイト輸液　１Ｌ
622046601	リン酸Ｎａ補正液０．５ｍｍｏｌ／ｍＬ　０．５モル２０ｍＬ
622100901	ソリューゲンＧ注　２００ｍＬ
622121101	アクマルト輸液　２００ｍＬ
622121202	アクメインＤ輸液　２００ｍＬ
622130601	生食注シリンジ「テルモ」５ｍＬ
622130701	生食注シリンジ「テルモ」１０ｍＬ
622132801	生食注シリンジ「テルモ」２０ｍＬ
622132901	ソルアセトＤ輸液　２００ｍＬ
622133001	テルモ生食ＴＫ　５０ｍＬ
622250401	ボルベン輸液６％　５００ｍＬ
622344502	リナセートＤ輸液　２００ｍＬ
622344601	ソリタックス－Ｈ輸液　５００ｍＬ
622344701	ソリタ－Ｔ１号輸液　２００ｍＬ
622344801	ソリタ－Ｔ１号輸液　５００ｍＬ
622344901	ソリタ－Ｔ２号輸液　２００ｍＬ
622345001	ソリタ－Ｔ２号輸液　５００ｍＬ
622345101	ソリタ－Ｔ３号輸液　２００ｍＬ
622345201	ソリタ－Ｔ３号輸液　５００ｍＬ
622345301	ソリタ－Ｔ３号Ｇ輸液　２００ｍＬ
622345401	ソリタ－Ｔ３号Ｇ輸液　５００ｍＬ
622345501	ソリタ－Ｔ４号輸液　２００ｍＬ
622345601	ソリタ－Ｔ４号輸液　５００ｍＬ
622445901	ＹＤソリタ－Ｔ１号輸液　２００ｍＬ
622446001	ＹＤソリタ－Ｔ１号輸液　５００ｍＬ
622446101	ＹＤソリタ－Ｔ３号輸液　２００ｍＬ
622446201	ＹＤソリタ－Ｔ３号輸液　５００ｍＬ
622446301	ＹＤソリタ－Ｔ３号Ｇ輸液　２００ｍＬ
622446401	ＹＤソリタ－Ｔ３号Ｇ輸液　５００ｍＬ
622507501	生食注シリンジ５０ｍＬ「ニプロ」
622572001	アクチット輸液　２００ｍＬ
622572101	アクチット輸液　５００ｍＬ
622572201	ヴィーンＦ輸液　５００ｍＬ
622572301	ヴィーンＤ輸液　２００ｍＬ
622572401	ヴィーンＤ輸液　５００ｍＬ
622572501	ヴィーン３Ｇ輸液　２００ｍＬ
622572601	ヴィーン３Ｇ輸液　５００ｍＬ
622574501	リナセートＦ輸液　５００ｍＬ
622702401	アルトフェッド注射液　２００ｍＬ
622702501	ラクトリンゲル液″フソー″　２００ｍＬ
622791701	ソリューゲンＦ注　５００ｍＬ
622804301	アセトキープ３Ｇ注　５００ｍＬ
622804401	エスロンＢ注　５００ｍＬ
622804601	ソリューゲンＧ注　５００ｍＬ
622829801	クリニザルツ輸液　５００ｍＬ
622829901	グルアセト３５注　５００ｍＬ
622830001	ハルトマンＤ液「小林」　５００ｍＬ
622830101	ハルトマン－Ｇ３号輸液　５００ｍＬ
622830201	ハルトマン液「コバヤシ」　５００ｍＬ
622842200	生理食塩液　２００ｍＬ
622842201	生理食塩液バッグ「フソー」　２００ｍＬ
640406034	大塚生食注ＴＮ　５０ｍＬ
640406207	ラクトリンゲルＭ注「フソー」　２００ｍＬ
640407051	生食溶解液キットＨ　５０ｍＬ
640407056	テルモ生食　２５０ｍＬ
640407166	ソリューゲンＦ注　５００ｍＬ
640412008	エスロンＢ注　２００ｍＬ
640412033	ソリューゲンＧ注　３００ｍＬ
640412045	低分子デキストランＬ注　２５０ｍＬ
640412105	生理食塩液　１００ｍＬ
640412107	生理食塩液　２５０ｍＬ
640412109	テルモ生食ＴＫ　１００ｍＬ
640421007	生食液ＮＳ　２０ｍＬ
640421008	大塚生食注　５００ｍＬ
640421009	大塚生食注　５００ｍＬ
640421010	大塚生食注　１Ｌ
640421011	大塚生食注　１Ｌ
640441013	生食注「トーワ」　２０ｍＬ
640441019	テルモ生食　１００ｍＬ
640460009	生理食塩液「ヒカリ」　５００ｍＬ
640463101	ハルトマンＤ液「小林」　５００ｍＬ
643310004	１０％塩化ナトリウム注射液　２０ｍＬ
643310086	ニソリ・Ｓ注　５００ｍＬ
643310102	ハルトマン液「コバヤシ」　５００ｍＬ
643310155	ラクトリンゲルＳ注「フソー」　２００ｍＬ
643310156	ラクトリンゲルＳ注「フソー」　５００ｍＬ
643310157	ラクトリンゲル液″フソー″　５００ｍＬ
643310170	リンゲル液　５００ｍＬ
643310181	生理食塩液　５ｍＬ
643310182	生理食塩液　２０ｍＬ
643310183	生理食塩液　１００ｍＬ
643310184	生理食塩液　２００ｍＬ
643310185	生理食塩液　２５０ｍＬ
643310187	生理食塩液　５００ｍＬ
643310188	生理食塩液　１Ｌ
643310190	大塚生食注　２０ｍＬ
643310209	テルモ生食　５００ｍＬ
643310210	テルモ生食　１Ｌ
643310213	ニソリＭ注　５００ｍＬ
643310214	ニソリＭ注　２５０ｍＬ
643310223	ラクトリンゲル液″フソー″　２００ｍＬ
643310225	大塚生食注　１００ｍＬ
643310226	大塚生食注　２５０ｍＬ
643310284	ラクトリンゲルＳ注「フソー」　５００ｍＬ
643310286	生理食塩液　５００ｍＬ
643310287	生理食塩液　１Ｌ
643310328	ラクトリンゲル液″フソー″　５００ｍＬ
643310329	ラクトリンゲル液″フソー″　１Ｌ
643310330	ラクトリンゲルＭ注「フソー」　５００ｍＬ
643310332	エスロンＢ注　５００ｍＬ
643310335	生理食塩液　５０ｍＬ
643310336	低分子デキストランＬ注　５００ｍＬ
643310337	低分子デキストラン糖注（大塚製薬工場）　５００ｍＬ
643310343	ペンライブ注　５００ｍＬ
643310347	ラクテック注　５００ｍＬ
643310348	ラクテック注　１Ｌ
643310356	大塚生食注　５０ｍＬ
643310384	ラクトリンゲルＳ注「フソー」　２００ｍＬ
643310391	ラクトリンゲルＭ注「フソー」　５００ｍＬ
643310394	ラクトリンゲルＭ注「フソー」　２００ｍＬ
643310397	リンゲル液　５００ｍＬ
643310402	ペンライブ注　２００ｍＬ
643310403	ペンライブ注　３００ｍＬ
643310406	アルトフェッド注射液　２００ｍＬ
643310407	アルトフェッド注射液　５００ｍＬ
643310408	アルトフェッド注射液　５００ｍＬ
643310415	生食液「小林」　５ｍＬ
643310429	生理食塩液「ヒカリ」　５０ｍＬ
643310434	生理食塩液「ヒカリ」　１００ｍＬ
643310445	生理食塩液「ヒカリ」　５００ｍＬ
643310450	カーミパック生理食塩液　５００ｍＬ
643310452	生理食塩液「ヒカリ」　１Ｌ
643310454	カーミパック生理食塩液　１Ｌ
643310473	大塚生食注ＴＮ　１００ｍＬ
643310476	大塚生食注　２５０ｍＬ
643310486	ソリューゲンＧ注　５００ｍＬ
643310491	フルクトラクト注　２００ｍＬ
643310492	フルクトラクト注　５００ｍＬ
643310493	ペロール注　３００ｍＬ
643310494	ペロール注　５００ｍＬ
643310497	ラクテック注　２５０ｍＬ
643310508	生食溶解液キットＨ　１００ｍＬ
620767311	生食液バッグ５００ｍＬ「ＣＭＸ」
622830800	生理食塩液
622830801	大塚生食注
622902900	生理食塩液１０ｍＬキット
621672203	生食注シリンジ「ＮＩＧ」１０ｍＬ
621672104	生食注シリンジ「ＮＩＧ」２０ｍＬ
622935900	生理食塩液２０ｍＬキット
622903000	生理食塩液５ｍＬキット
621672304	生食注シリンジ「ＮＩＧ」５ｍＬ
621606302	ハルトマンＤ液「フソー」
622830002	ハルトマンＤ液「フソー」
620001315	大塚糖液５０％　２００ｍＬ
620001316	大塚糖液５０％　５００ｍＬ
620001317	光糖液１０％　５００ｍＬ
620001892	キシリトール注２０％（大塚製薬工場）　２０ｍＬ
620001947	キシリトール注射液　５％２００ｍＬ
620001948	キシリトール注射液　５％５００ｍＬ
620002399	キシリトール注「ヒカリ」５％　５００ｍＬ
620002599	ブドウ糖注５０％シリンジ「テルモ」　２０ｍＬ
620002935	キシリトール注射液　５％３００ｍＬ
620003059	キリット注５％　３００ｍＬ
620003091	キリット注５％　５００ｍＬ
620004172	光糖液５％　２５０ｍＬ
620004173	光糖液２０％　５００ｍＬ
620004174	光糖液３０％　５００ｍＬ
620004396	果糖注２０％「フソー」　２０ｍＬ
620004397	キシリトール注５％「フソー」　２００ｍＬ
620004398	キシリトール注５％「フソー」　５００ｍＬ
620004399	キシリトール注５％「フソー」　５００ｍＬ
620004400	キシリトール注１０％「フソー」　２０ｍＬ
620004401	キシリトール注２０％「フソー」　２０ｍＬ
620006218	カロナリーＨ輸液　７００ｍＬ
620006219	カロナリーＭ輸液　７００ｍＬ
620006220	カロナリーＬ輸液　７００ｍＬ
620006268	テルモ糖注５％　２５０ｍＬ
620006269	テルモ糖注５％　５００ｍＬ
620006292	ブドウ糖注５％バッグ「フソー」　２５０ｍＬ
620006293	ブドウ糖注５％バッグ「フソー」　５００ｍＬ
620006294	ブドウ糖注５％ＰＬ「フソー」　２００ｍＬ
620006634	テルモ糖注５％　１００ｍＬ
620006635	テルモ糖注１０％　５００ｍＬ
620006636	テルモ糖注５０％　２００ｍＬ
620006637	テルモ糖注５０％　５００ｍＬ
620006641	ブドウ糖注５％ＰＬ「フソー」　２０ｍＬ
620006642	ブドウ糖注５％ＰＬ「フソー」　１００ｍＬ
620006643	ブドウ糖注５％ＰＬ「フソー」　５００ｍＬ
620006645	ブドウ糖注１０％バッグ「フソー」　５００ｍＬ
620006646	ブドウ糖注１０％ＰＬ「フソー」　５００ｍＬ
620006647	ブドウ糖注２０％ＰＬ「フソー」　２０ｍＬ
620006648	ブドウ糖注４０％ＰＬ「フソー」　２０ｍＬ
620006649	ブドウ糖注５０％ＰＬ「フソー」　２０ｍＬ
620007246	大塚糖液５％２ポート１００ｍＬ
620007416	ハイカリックＲＦ輸液　２５０ｍＬ
620007417	ハイカリックＲＦ輸液　５００ｍＬ
620007419	ハイカリックＮＣ－Ｈ輸液　７００ｍＬ
620007421	ハイカリックＮＣ－Ｎ輸液　７００ｍＬ
620007423	ハイカリックＮＣ－Ｌ輸液　７００ｍＬ
620007507	マルトス輸液１０％　２５０ｍＬ
620007508	マルトス輸液１０％　５００ｍＬ
620008177	大塚糖液５％２ポート５０ｍＬ
620155611	ブドウ糖注２０％「ＮＰ」　２０ｍＬ
620155634	光糖液２０％　２０ｍＬ
620155640	ブドウ糖注射液２０％「マイラン」　２０ｍＬ
620155641	ブドウ糖注２０％ＰＬ「Ｈｐ」　２０ｍＬ
620155645	糖液注２０％「ＡＦＰ」　２０ｍＬ
620155714	光糖液５０％　２０ｍＬ
620155716	糖液注５０％「ＡＦＰ」　２０ｍＬ
620735116	光糖液５％　２０ｍＬ
620735118	ブドウ糖注射液５％「マイラン」　２０ｍＬ
620735119	ブドウ糖注５％「ＣＭＸ」　２０ｍＬ
620735121	糖液注５％「ＡＦＰ」　２０ｍＬ
620735907	ブドウ糖注射液５％「マイラン」　２５０ｍＬ
620736117	ブドウ糖注射液５％「マイラン」　５００ｍＬ
620737702	ブドウ糖注５％「ＮＰ」　２５０ｍＬ
620738002	ブドウ糖注５％「ＮＰ」　５００ｍＬ
620738010	ブドウ糖注射液「ＡＹ」５％　５００ｍＬ
620738011	小林糖液５％　５００ｍＬ
620740001	マルトース輸液１０％「フソー」　５００ｍＬ
620740601	マルトース輸液１０％「フソー」　２００ｍＬ
620741309	キシリトール注２０％「ＮＰ」　２０ｍＬ
620745601	リハビックス－Ｋ１号輸液　５００ｍＬ
620745701	リハビックス－Ｋ２号輸液　５００ｍＬ
621626501	キシリトール注２０％シリンジ「ＮＰ」　２０ｍＬ
621646001	ブドウ糖注５％シリンジ「ＮＰ」　２０ｍＬ
621651401	ブドウ糖注２０％シリンジ「ＮＰ」　２０ｍＬ
622133101	テルモ糖注ＴＫ　５％５０ｍＬ
622688901	マンニットールＳ注射液　３００ｍＬ
622842300	ブドウ糖注射液　５％２００ｍＬ
622842301	ブドウ糖注５％バッグ「フソー」　２００ｍＬ
640406035	大塚糖液５％ＴＮ　５０ｍＬ
640407023	５％糖液キットＨ　５０ｍＬ
640407024	５％糖液キットＨ　１００ｍＬ
640408013	２０％ブドウ糖注射液「ニッシン」　２０ｍＬ
640412067	ブドウ糖注射液　５％１００ｍＬ
640412069	ブドウ糖注射液　５０％２００ｍＬ
640412070	ブドウ糖注射液　５０％５００ｍＬ
640412071	ブドウ糖注射液　７０％３５０ｍＬ
640412102	果糖注射液　５％２００ｍＬ
640412103	果糖注射液　５％５００ｍＬ
640412110	テルモ糖注ＴＫ　５％１００ｍＬ
640412111	ブドウ糖注射液　５％２５０ｍＬ
640412112	ブドウ糖注射液　１０％２０ｍＬ
640421002	２０％ブドウ糖注「日医工」　２０ｍＬ
640431047	ブドウ糖注２０％「ＣＭＸ」　２０ｍＬ
640450010	５％ブドウ糖注射液「ニッシン」　２０ｍＬ
640460006	５０％ブドウ糖注射液「ニッシン」　２０ｍＬ
640460011	光糖液５％　５００ｍＬ
643230011	キシリトール注射液　５％３００ｍＬ
643230012	キシリトール注射液　５％５００ｍＬ
643230013	キシリトール注射液　１０％２０ｍＬ
643230026	ハイカリック液－１号　７００ｍＬ
643230027	ハイカリック液－２号　７００ｍＬ
643230032	ブドウ糖注射液　５％２０ｍＬ
643230034	ブドウ糖注射液　５％１００ｍＬ
643230035	ブドウ糖注射液　５％２００ｍＬ
643230036	ブドウ糖注射液　５％２５０ｍＬ
643230038	ブドウ糖注射液　５％５００ｍＬ
643230039	ブドウ糖注射液　５％１Ｌ
643230042	ブドウ糖注射液　２０％２０ｍＬ
643230048	ブドウ糖注射液　５０％２０ｍＬ
643230050	ブドウ糖注射液　５０％３００ｍＬ
643230052	ブドウ糖注射液　５０％５００ｍＬ
643230076	果糖注射液　５％５００ｍＬ
643230077	果糖注射液　５％１Ｌ
643230081	果糖注射液　２０％２０ｍＬ
643230089	大塚糖液１０％　２０ｍＬ
643230090	大塚糖液５％　２０ｍＬ
643230176	ハイカリック液－３号　７００ｍＬ
643230212	大塚糖液５％　１００ｍＬ
643230230	ブドウ糖注射液　５％５００ｍＬ
643230251	大塚糖液５％　５０ｍＬ
643230252	ブドウ糖注射液　５０％１００ｍＬ
643230253	ブドウ糖注射液　１０％５００ｍＬ
643230254	ブドウ糖注射液　５％５０ｍＬ
643230267	光糖液５％　５０ｍＬ
643230270	光糖液５％　１００ｍＬ
643230274	大塚糖液５％　２５０ｍＬ
643230282	小林糖液５％　５００ｍＬ
643230283	光糖液５％　５００ｍＬ
643230287	大塚糖液５％　５００ｍＬ
643230297	大塚糖液１０％　５００ｍＬ
643230298	大塚糖液２０％　２０ｍＬ
643230314	大塚糖液４０％　２０ｍＬ
643230317	大塚糖液５０％　２０ｍＬ
643230346	２０％フルクトン注　２０ｍＬ
643230390	キシリトール注射液２０％「トーワ」　２０ｍＬ
643230406	大塚糖液５％ＴＮ　１００ｍＬ
643230411	大塚糖液５％　２５０ｍＬ
643230412	大塚糖液７０％　３５０ｍＬ
620003682	イオパミロン注１５０　３０．６２％５０ｍＬ
620003683	イオパミロン注１５０　３０．６２％２００ｍＬ
620003684	イオパミロン注３００　６１．２４％２０ｍＬ
620003685	イオパミロン注３００　６１．２４％５０ｍＬ
620003686	イオパミロン注３００　６１．２４％１００ｍＬ
620003687	イオパミロン注３００シリンジ　６１．２４％５０ｍＬ
620003688	イオパミロン注３００シリンジ　６１．２４％８０ｍＬ
620003689	イオパミロン注３００シリンジ　６１．２４％１００ｍＬ
620003690	イオパミロン注３７０　７５．５２％２０ｍＬ
620003691	イオパミロン注３７０　７５．５２％５０ｍＬ
620003692	イオパミロン注３７０　７５．５２％１００ｍＬ
620003693	イオパミロン注３７０シリンジ　７５．５２％５０ｍＬ
620003694	イオパミロン注３７０シリンジ　７５．５２％８０ｍＬ
620003695	イオパミロン注３７０シリンジ　７５．５２％１００ｍＬ
620003697	イソビスト注２４０　５１．２６％１０ｍＬ
620003698	イソビスト注３００　６４．０８％１０ｍＬ
620004304	ウログラフイン注６０％　２０ｍＬ
620004305	ウログラフイン注６０％　１００ｍＬ
620004306	ウログラフイン注７６％　２０ｍＬ
620005214	プロスコープ３００注シリンジ１００ｍＬ　６２．３４％
620005215	プロスコープ３００注２０ｍＬ　６２．３４％
620005216	プロスコープ３００注５０ｍＬ　６２．３４％
620005217	プロスコープ３００注１００ｍＬ　６２．３４％
620005218	プロスコープ３７０注２０ｍＬ　７６．８９％
620005219	プロスコープ３７０注５０ｍＬ　７６．８９％
620005220	プロスコープ３７０注１００ｍＬ　７６．８９％
620005697	プロスコープ３００注シリンジ５０ｍＬ　６２．３４％
620005698	プロスコープ３００注シリンジ８０ｍＬ　６２．３４％
620007447	ビジパーク２７０注２０ｍＬ　５４．９７％
620007448	ビジパーク２７０注５０ｍＬ　５４．９７％
620007449	ビジパーク２７０注１００ｍＬ　５４．９７％
620007450	ビジパーク３２０注５０ｍＬ　６５．１５％
620007451	ビジパーク３２０注１００ｍＬ　６５．１５％
620009142	オムニパーク２４０注シリンジ１００ｍＬ　５１．７７％
620009143	オムニパーク３００注シリンジ５０ｍＬ　６４．７１％
620009144	オムニパーク３００注シリンジ８０ｍＬ　６４．７１％
620009145	オムニパーク３００注シリンジ１００ｍＬ　６４．７１％
620009146	オムニパーク３００注シリンジ１２５ｍＬ　６４．７１％
620009147	オムニパーク３００注シリンジ１５０ｍＬ　６４．７１％
620009148	オムニパーク３５０注シリンジ７０ｍＬ　７５．４９％
620009149	オムニパーク３５０注シリンジ１００ｍＬ　７５．４９％
621176405	リピオドール４８０注１０ｍＬ
621183101	ビリスコピン点滴静注５０　１０．５５％１００ｍＬ
621183301	イオパミドール３００注５０ｍＬ「Ｆ」　６１．２４％
621183402	イオパミドール３００注５０ｍＬ「ＦＦ」　６１．２４％
621183701	イオパミドール３００注１００ｍＬ「Ｆ」　６１．２４％
621183802	イオパミドール３００注１００ｍＬ「ＦＦ」　６１．２４％
621184101	イオパミドール３７０注５０ｍＬ「Ｆ」　７５．５２％
621184202	イオパミドール３７０注５０ｍＬ「ＦＦ」　７５．５２％
621184501	イオパミドール３７０注１００ｍＬ「Ｆ」　７５．５２％
621184602	イオパミドール３７０注１００ｍＬ「ＦＦ」　７５．５２％
621184901	イオパミドール１５０注５０ｍＬ「Ｆ」　３０．６２％
621185101	イオパミドール１５０注２００ｍＬ「Ｆ」　３０．６２％
621185301	イオパミドール３００注２０ｍＬ「Ｆ」　６１．２４％
621185603	イオパミドール３００注シリンジ５０ｍＬ「ＨＫ」　６１．２４％
621185703	イオパミドール３００注シリンジ１００ｍＬ「ＨＫ」　６１．２４％
621185802	イオパミドール３００注シリンジ１００ｍＬ「ＦＦ」　６１．２４％
621185901	イオパミドール３００注シリンジ１００ｍＬ「Ｆ」　６１．２４％
621186003	イオパミドール３７０注シリンジ５０ｍＬ「ＨＫ」　７５．５２％
621186103	イオパミドール３７０注シリンジ１００ｍＬ「ＨＫ」　７５．５２％
621186501	イオパミドール３７０注２０ｍＬ「Ｆ」　７５．５２％
621187201	オムニパーク１４０注５０ｍＬ　３０．２０％
621187301	オムニパーク１４０注２２０ｍＬ　３０．２０％
621187401	オムニパーク１８０注１０ｍＬ　３８．８２％
621187501	オムニパーク２４０注１０ｍＬ　５１．７７％
621187601	オムニパーク２４０注２０ｍＬ　５１．７７％
621187701	オムニパーク２４０注５０ｍＬ　５１．７７％
621187801	オムニパーク２４０注１００ｍＬ　５１．７７％
621187901	オムニパーク３００注１０ｍＬ　６４．７１％
621188001	オムニパーク３００注２０ｍＬ　６４．７１％
621188601	オムニパーク３００注５０ｍＬ　６４．７１％
621188701	オムニパーク３００注１００ｍＬ　６４．７１％
621188801	オムニパーク３５０注２０ｍＬ　７５．４９％
621188901	オムニパーク３５０注５０ｍＬ　７５．４９％
621189001	オムニパーク３５０注１００ｍＬ　７５．４９％
621189701	オプチレイ３２０注２０ｍＬ　６７．８％
621189801	オプチレイ３２０注５０ｍＬ　６７．８％
621189901	オプチレイ２４０注シリンジ１００ｍＬ　５０．９％
621190001	オプチレイ３２０注シリンジ７５ｍＬ　６７．８％
621190101	オプチレイ３２０注シリンジ１００ｍＬ　６７．８％
621190201	オプチレイ３２０注１００ｍＬ　６７．８％
621190301	オプチレイ３５０注２０ｍＬ　７４．１％
621190401	オプチレイ３５０注５０ｍＬ　７４．１％
621190501	オプチレイ３５０注１００ｍＬ　７４．１％
621190701	イオメロン３００注２０ｍＬ　６１．２４％
621190801	イオメロン３００注５０ｍＬ　６１．２４％
621190901	イオメロン３００注１００ｍＬ　６１．２４％
621191001	イオメロン３５０注２０ｍＬ　７１．４４％
621191101	イオメロン３５０注５０ｍＬ　７１．４４％
621191201	イオメロン３５０注１００ｍＬ　７１．４４％
621191401	イオメロン４００注５０ｍＬ　８１．６５％
621191501	イオメロン４００注１００ｍＬ　８１．６５％
621191601	イオメロン３００注シリンジ５０ｍＬ　６１．２４％
621191701	イオメロン３００注シリンジ１００ｍＬ　６１．２４％
621191801	イオメロン３５０注シリンジ５０ｍＬ　７１．４４％
621191901	イオメロン３５０注シリンジ１００ｍＬ　７１．４４％
621451301	イオパミドール３００注シリンジ５０ｍＬ「Ｆ」　６１．２４％
621451401	イオパミドール３７０注シリンジ１００ｍＬ「Ｆ」　７５．５２％
621451501	イオパミドール３００注シリンジ８０ｍＬ「Ｆ」　６１．２４％
621452002	イオヘキソール３００注２０ｍＬ「Ｆ」　６４．７１％
621452102	イオヘキソール３００注シリンジ５０ｍＬ「Ｆ」　６４．７１％
621452202	イオヘキソール３００注シリンジ１００ｍＬ「ＦＦ」　６４．７１％
621452302	イオヘキソール３００注シリンジ１００ｍＬ「Ｆ」　６４．７１％
621452702	イオヘキソール３００注５０ｍＬ「Ｆ」　６４．７１％
621452902	イオヘキソール３００注１００ｍＬ「ＦＦ」　６４．７１％
621453002	イオヘキソール３００注１００ｍＬ「Ｆ」　６４．７１％
621453102	イオヘキソール３５０注２０ｍＬ「Ｆ」　７５．４９％
621453202	イオヘキソール３５０注５０ｍＬ「Ｆ」　７５．４９％
621453302	イオヘキソール３５０注１００ｍＬ「ＦＦ」　７５．４９％
621453402	イオヘキソール３５０注１００ｍＬ「Ｆ」　７５．４９％
621453501	オムニパーク３００注１５０ｍＬ　６４．７１％
621490402	イオヘキソール３００注シリンジ５０ｍＬ「ＦＦ」　６４．７１％
621490502	イオヘキソール３００注５０ｍＬ「ＦＦ」　６４．７１％
621490601	イオメロン３００注シリンジ７５ｍＬ　６１．２４％
621490701	イオメロン３５０注シリンジ７５ｍＬ　７１．４４％
621493001	イオヘキソール３００注シリンジ８０ｍＬ「Ｆ」　６４．７１％
622936300	イオヘキソール（３００）８０ｍＬキット　６４．７１％
621534901	イオヘキソール３５０注シリンジ１００ｍＬ「Ｆ」　７５．４９％
621535102	イオヘキソール３００注シリンジ８０ｍＬ「ＦＦ」　６４．７１％
621535202	イオヘキソール３５０注シリンジ１００ｍＬ「ＦＦ」　７５．４９％
621535302	イオヘキソール３００注１０ｍＬ「ＦＦ」　６４．７１％
621535402	イオヘキソール３００注２０ｍＬ「ＦＦ」　６４．７１％
621535502	イオヘキソール３５０注２０ｍＬ「ＦＦ」　７５．４９％
621535602	イオヘキソール３５０注５０ｍＬ「ＦＦ」　７５．４９％
621728802	イオヘキソール２４０注シリンジ１００ｍＬ「Ｆ」　５１．７７％
621695401	イオヘキソール３００注シリンジ１００ｍＬ「ＨＫ」　６４．７１％
621728902	イオパミドール３７０注シリンジ８０ｍＬ「Ｆ」　７５．５２％
621758502	イオパミドール３００注２０ｍＬ「ＦＦ」　６１．２４％
621758602	イオパミドール３７０注２０ｍＬ「ＦＦ」　７５．５２％
621782301	イオパミドール３７０注シリンジ１００ｍＬ「ＦＦ」　７５．５２％
621834101	イオパミドール３００注シリンジ５０ｍＬ「ＦＦ」　６１．２４％
621834201	イオパミドール３００注シリンジ８０ｍＬ「ＦＦ」　６１．２４％
621834301	イオパミドール３７０注シリンジ５０ｍＬ「ＦＦ」　７５．５２％
621834401	イオパミドール３７０注シリンジ８０ｍＬ「ＦＦ」　７５．５２％
621892301	イオメロン３５０注シリンジ１３５ｍＬ　７１．４４％
621922401	オプチレイ３５０注シリンジ１００ｍＬ　７４．１％
621928003	イオプロミド３００注２０ｍＬ「ＢＹＬ」　６２．３４％
622961700	イオプロミド（３００）２０ｍＬ注射液　６２．３４％
621928103	イオプロミド３００注５０ｍＬ「ＢＹＬ」　６２．３４％
622961800	イオプロミド（３００）５０ｍＬ注射液　６２．３４％
621928203	イオプロミド３００注１００ｍＬ「ＢＹＬ」　６２．３４％
622961900	イオプロミド（３００）１００ｍＬ注射液　６２．３４％
621928303	イオプロミド３００注シリンジ５０ｍＬ「ＢＹＬ」　６２．３４％
621928403	イオプロミド３００注シリンジ８０ｍＬ「ＢＹＬ」　６２．３４％
621928503	イオプロミド３００注シリンジ１００ｍＬ「ＢＹＬ」　６２．３４％
621928603	イオプロミド３７０注２０ｍＬ「ＢＹＬ」　７６．８９％
621928703	イオプロミド３７０注５０ｍＬ「ＢＹＬ」　７６．８９％
622962000	イオプロミド（３７０）５０ｍＬ注射液　７６．８９％
621928803	イオプロミド３７０注１００ｍＬ「ＢＹＬ」　７６．８９％
621928903	イオプロミド３７０注シリンジ５０ｍＬ「ＢＹＬ」　７６．８９％
621929003	イオプロミド３７０注シリンジ８０ｍＬ「ＢＹＬ」　７６．８９％
621929103	イオプロミド３７０注シリンジ１００ｍＬ「ＢＹＬ」　７６．８９％
622027101	イオヘキソール３００注１０ｍＬ「ＨＫ」　６４．７１％
622027201	イオヘキソール３００注２０ｍＬ「ＨＫ」　６４．７１％
622027301	イオヘキソール３００注５０ｍＬ「ＨＫ」　６４．７１％
622027402	イオパミドール３００注シリンジ８０ｍＬ「ＨＫ」　６１．２４％
622027502	イオパミドール３７０注シリンジ８０ｍＬ「ＨＫ」　７５．５２％
622027602	イオパミドール３００注２０ｍＬ「ＨＫ」　６１．２４％
622027702	イオパミドール３００注５０ｍＬ「ＨＫ」　６１．２４％
622027802	イオパミドール３００注１００ｍＬ「ＨＫ」　６１．２４％
622027902	イオパミドール３７０注２０ｍＬ「ＨＫ」　７５．５２％
622028002	イオパミドール３７０注５０ｍＬ「ＨＫ」　７５．５２％
622028102	イオパミドール３７０注１００ｍＬ「ＨＫ」　７５．５２％
622030802	イオヘキソール３５０注シリンジ７０ｍＬ「Ｆ」　７５．４９％
622059902	イオヘキソール３００注シリンジ１５０ｍＬ「ＦＦ」　６４．７１％
622067703	イオヘキソール３００注シリンジ１２５ｍＬ「Ｆ」　６４．７１％
622067803	イオヘキソール３００注シリンジ１５０ｍＬ「Ｆ」　６４．７１％
622067901	オムニパーク３００注シリンジ１１０ｍＬ　６４．７１％
622074101	イオヘキソール３００注シリンジ５０ｍＬ「ＨＫ」　６４．７１％
622074201	イオヘキソール３００注シリンジ８０ｍＬ「ＨＫ」　６４．７１％
622074301	イオヘキソール３００注シリンジ１２５ｍＬ「ＨＫ」　６４．７１％
622074401	イオヘキソール３００注シリンジ１５０ｍＬ「ＨＫ」　６４．７１％
622090603	イオパミドール３７０注シリンジ５０ｍＬ「Ｆ」　７５．５２％
622104702	イオヘキソール３００注シリンジ１２５ｍＬ「ＦＦ」　６４．７１％
622104802	イオヘキソール３５０注シリンジ７０ｍＬ「ＦＦ」　７５．４９％
622154401	イオヘキソール３００注１００ｍＬ「ＨＫ」　６４．７１％
622157902	イオヘキソール２４０注シリンジ１００ｍＬ「ＦＦ」　５１．７７％
622177401	イオパミロン注３７０シリンジ　７５．５２％６５ｍＬ
622179201	プロスコープ３７０注シリンジ５０ｍＬ　７６．８９％
622179301	プロスコープ３７０注シリンジ８０ｍＬ　７６．８９％
622179401	プロスコープ３７０注シリンジ１００ｍＬ　７６．８９％
622213602	イオパミドール３００注シリンジ１５０ｍＬ「Ｆ」　６１．２４％
622267501	オムニパーク３５０注シリンジ４５ｍＬ　７５．４９％
622286602	イオヘキソール３００注シリンジ１１０ｍＬ「Ｆ」　６４．７１％
622347001	イオヘキソール３００注シリンジ１１０ｍＬ「ＨＫ」　６４．７１％
622347101	イオヘキソール３５０注シリンジ７０ｍＬ「ＨＫ」　７５．４９％
622347201	イオヘキソール３５０注シリンジ１００ｍＬ「ＨＫ」　７５．４９％
622376902	イオパミドール３７０注シリンジ６５ｍＬ「Ｆ」　７５．５２％
622432202	イオヘキソール３００注シリンジ１１０ｍＬ「ＦＦ」　６４．７１％
622432302	イオパミドール３７０注シリンジ６５ｍＬ「ＦＦ」　７５．５２％
622450501	イオパミドール３７０注シリンジ６５ｍＬ「ＨＫ」　７５．５２％
622547001	オプチレイ３５０注シリンジ１３５ｍＬ　７４．１％
622765700	イオパミドール（３００）５０ｍＬ注射液　６１．２４％
622765800	イオパミドール（３００）１００ｍＬ注射液　６１．２４％
622765900	イオパミドール（３７０）５０ｍＬ注射液　７５．５２％
622766000	イオパミドール（３７０）１００ｍＬ注射液　７５．５２％
622766100	イオパミドール（１５０）５０ｍＬ注射液　３０．６２％
622766300	イオパミドール（３００）２０ｍＬ注射液　６１．２４％
622766400	イオパミドール（３００）１００ｍＬキット　６１．２４％
622766500	イオパミドール（３００）５０ｍＬキット　６１．２４％
622766600	イオパミドール（３００）８０ｍＬキット　６１．２４％
622766700	イオパミドール（３７０）８０ｍＬキット　７５．５２％
622766800	イオパミドール（３７０）２０ｍＬ注射液　７５．５２％
622766900	イオパミドール（３７０）５０ｍＬキット　７５．５２％
622767000	イオパミドール（３００）１５０ｍＬキット　６１．２４％
622767100	イオパミドール（３７０）６５ｍＬキット　７５．５２％
622768400	イオヘキソール（３５０）１００ｍＬキット　７５．４９％
622769000	イオヘキソール（３００）１００ｍＬ注射液　６４．７１％
622849000	イオパミドール（３７０）１００ｍＬキット　７５．５２％
622853201	イオパミロン注３００シリンジ　６１．２４％１３０ｍＬ
622853301	イオパミロン注３００シリンジ　６１．２４％１５０ｍＬ
647210004	アミドトリゾ酸ナトリウムメグルミン注射液　６０％１００ｍＬ
647210005	アミドトリゾ酸ナトリウムメグルミン注射液　６０％２０ｍＬ
647210006	アミドトリゾ酸ナトリウムメグルミン注射液　７６％２０ｍＬ
647210013	イオタラム酸ナトリウム注射液　６６．８％２０ｍＬ
647210015	イオタラム酸メグルミン注射液　３０％２２０ｍＬ
647210016	イオタラム酸メグルミン注射液　６０％２０ｍＬ
647210017	イオタラム酸メグルミン注射液　６０％５０ｍＬ
647210018	イオタラム酸メグルミン注射液　６０％１００ｍＬ
622766200	イオパミドール（１５０）２００ｍＬ注射液
620003833	レボビスト注射用　２．５ｇ（溶解液付）
621194102	ＬＨ－ＲＨ注０．１ｍｇ「ニプロ」
621195502	ＴＲＨ注０．５ｍｇ「ニプロ」
621196005	ヒトＣＲＨ静注用１００μｇ「ニプロ」　（溶解液付）
620005210	フルオレサイト静注５００ｍｇ　１０％５ｍＬ
620005898	ＥＯＢ・プリモビスト注シリンジ　１８．１４３％５ｍＬ
620005899	ＥＯＢ・プリモビスト注シリンジ　１８．１４３％１０ｍＬ
620007248	オムニスキャン静注３２％　３２．３％２０ｍＬ
620007249	オムニスキャン静注３２％シリンジ５ｍＬ　３２．３％
620007250	オムニスキャン静注３２％シリンジ１０ｍＬ　３２．３％
620007251	オムニスキャン静注３２％シリンジ１５ｍＬ　３２．３％
620007252	オムニスキャン静注３２％シリンジ２０ｍＬ　３２．３％
620007319	ソナゾイド注射用１６μＬ　（溶解液付）
621198901	プロハンス静注５ｍＬ
621199001	プロハンス静注１５ｍＬ
621199101	プロハンス静注２０ｍＬ
621199201	プロハンス静注１０ｍＬ
621453902	マグネスコープ静注３８％シリンジ１０ｍＬ　３７．６９５％
621454002	マグネスコープ静注３８％シリンジ１５ｍＬ　３７．６９５％
621454102	マグネスコープ静注３８％シリンジ２０ｍＬ　３７．６９５％
621464301	プロハンス静注シリンジ１３ｍＬ
621464401	プロハンス静注シリンジ１７ｍＬ
622396901	マグネスコープ静注３８％シリンジ１１ｍＬ　３７．６９５％
622397001	マグネスコープ静注３８％シリンジ１３ｍＬ　３７．６９５％
622404301	スクラッチダニアレルゲンエキストリイ１０万ＪＡＵ／ｍＬ　１ｍＬ
622410801	ガドビスト静注１．０ｍｏｌ／Ｌシリンジ５ｍＬ　６０．４７％
622411101	ガドビスト静注１．０ｍｏｌ／Ｌシリンジ７．５ｍＬ　６０．４７％
622411201	ガドビスト静注１．０ｍｏｌ／Ｌシリンジ１０ｍＬ　６０．４７％
622455401	アレルゲンスクラッチエキス陽性液トリイヒスタミン二塩酸塩　２ｍＬ
622624101	ガドテリドール静注シリンジ１３ｍＬ「ＨＫ」
622624201	ガドテリドール静注シリンジ１７ｍＬ「ＨＫ」
622639501	レギチーン注射液５ｍｇ　０．５％１ｍＬ
622639601	ガドビスト静注１．０ｍｏｌ／Ｌ　２ｍＬ　６０．４７％
622818101	ガドテル酸メグルミン静注３８％シリンジ１０ｍＬＧＥ３７．６９５％
622818201	ガドテル酸メグルミン静注３８％シリンジ１１ｍＬＧＥ３７．６９５％
622818301	ガドテル酸メグルミン静注３８％シリンジ１３ｍＬＧＥ３７．６９５％
622818401	ガドテル酸メグルミン静注３８％シリンジ１５ｍＬＧＥ３７．６９５％
622818501	ガドテル酸メグルミン静注３８％シリンジ２０ｍＬＧＥ３７．６９５％
628000001	診断用アレルゲン皮内エキス「トリイ」アサ布１：１，０００　２ｍＬ
628000201	診断用アレルゲン皮内エキス「トリイ」アジ１：１，０００　２ｍＬ
628000401	診断アレルゲン皮内エキス「トリイ」アスペルギルス１：１万　２ｍＬ
628000701	診断アレルゲン皮内エキス「トリイ」アルテルナリア１：１万　２ｍＬ
628000901	診断アレルゲン皮内エキス「トリイ」イーストパン種１：１千　２ｍＬ
628001001	診断用アレルゲン皮内エキス「トリイ」イカ１：１，０００　２ｍＬ
628001401	診断用アレルゲン皮内エキス「トリイ」イネワラ１：１千　２ｍＬ
628001501	診断用アレルゲン皮内エキス「トリイ」イワシ１：１，０００　２ｍＬ
628002601	診断用アレルゲン皮内エキス「トリイ」エダマメ１：１千　２ｍＬ
628002701	診断用アレルゲン皮内エキス「トリイ」エビ１：１，０００　２ｍＬ
628002801	診断用アレルゲン皮内エキス「トリイ」大麦１：１，０００　２ｍＬ
628003101	診断用アレルゲン皮内エキス「トリイ」カツオ１：１，０００　２ｍＬ
628003201	診断アレルゲン皮内エキス「トリイ」カナムグラ花粉１：１千　２ｍＬ
628003301	診断用アレルゲン皮内エキス「トリイ」カニ１：１，０００　２ｍＬ
628003401	診断用アレルゲン皮内エキス「トリイ」カポック１：１千　２ｍＬ
628003701	診断用アレルゲン皮内エキス「トリイ」カモガヤ花粉１：１千　２ｍＬ
628003901	診断用アレルゲン皮内エキス「トリイ」カンジダ１：１万　２ｍＬ
628004101	診断用アレルゲン皮内エキス「トリイ」キヌ１：１，０００　２ｍＬ
628004901	診断用アレルゲン皮内エキストリイクラドスポリウム１：１万　２ｍＬ
628005001	診断用アレルゲン皮内エキス「トリイ」クリ１：１，０００　２ｍＬ
628005501	診断用アレルゲン皮内エキス「トリイ」小麦粉１：１，０００　２ｍＬ
628005601	診断用アレルゲン皮内エキス「トリイ」米１：１，０００　２ｍＬ
628006601	診断用アレルゲン皮内エキス「トリイ」サバ１：１，０００　２ｍＬ
628007701	診断用アレルゲン皮内エキス「トリイ」スギ花粉１：１千　２ｍＬ
628007801	診断用アレルゲン皮内エキス「トリイ」ススキ花粉１：１千　２ｍＬ
628008301	診断用アレルゲン皮内エキス「トリイ」ソバガラ１：１千　２ｍＬ
628008401	診断用アレルゲン皮内エキス「トリイ」ソバ粉１：１，０００　２ｍＬ
628008801	診断用アレルゲン皮内エキス「トリイ」タタミ１：１，０００　２ｍＬ
628010101	診断用アレルゲン皮内エキス「トリイ」トウフ１：１，０００　２ｍＬ
628010201	診断用アレルゲン皮内エキス「トリイ」トウモロコシ１：１千　２ｍＬ
628010801	診断用アレルゲン皮内エキス「トリイ」ナイロン１：１千　２ｍＬ
628010901	診断用アレルゲン皮内エキス「トリイ」ナシ１：１，０００　２ｍＬ
628012601	診断用アレルゲン皮内エキス「トリイ」バナナ１：１，０００　２ｍＬ
628012901	診断用アレルゲン皮内エキス「トリイ」ヒメガマ花粉１：１千　２ｍＬ
628013101	診断用アレルゲン皮内エキス「トリイ」ビール１：１，０００　２ｍＬ
628013401	診断用アレルゲン皮内エキス「トリイ」ブタクサ花粉１：１千　２ｍＬ
628014001	診断用アレルゲン皮内エキス「トリイ」ペニシリウム１：１万　２ｍＬ
628014401	診断用アレルゲン皮内エキス「トリイ」マグロ１：１，０００　２ｍＬ
628014501	診断用アレルゲン皮内エキス「トリイ」マユ１：１，０００　２ｍＬ
628015001	診断用アレルゲン皮内エキス「トリイ」綿布１：１，０００　２ｍＬ
628015201	診断用アレルゲン皮内エキス「トリイ」モミガラ１：１千　２ｍＬ
628015901	診断用アレルゲン皮内エキス「トリイ」リンゴ１：１，０００　２ｍＬ
628016301	診断用アレルゲン皮内エキス「トリイ」綿１：１，０００　２ｍＬ
640462008	オフサグリーン静注用２５ｍｇ　（溶解液付）
640462043	リゾビスト注　４４．６ｍｇ１．６ｍＬ
647250002	診断用アレルゲンスクラッチエキス「トリイ」　１ｍＬ
620002496	アデノスキャン注６０ｍｇ　２０ｍＬ
620007509	ミオテクター冠血管注　１瓶１管
620008566	タイロゲン筋注用０．９ｍｇ
621954101	ミリプラ用懸濁用液４ｍＬ
622364701	アデノシン負荷用静注６０ｍｇシリンジ「ＦＲＩ」　２０ｍＬ
628776702	アミヴィッド静注　３７０ＭＢｑ
628777501	ビザミル静注　１８５ＭＢｑ
622884801	アキュミン静注　１８５ＭＢｑ
620002282	ヘパフラッシュ１０単位／ｍＬシリンジ５ｍＬ　５０単位
620002283	ヘパフラッシュ１０単位／ｍＬシリンジ１０ｍＬ　１００単位
620002284	ヘパフラッシュ１００単位／ｍＬシリンジ５ｍＬ　５００単位
620002285	ヘパフラッシュ１００単位／ｍＬシリンジ１０ｍＬ　１，０００単位
620004183	ヘパフィルド透析用２５０単位／ｍＬシリンジ２０ｍＬ　５千単位
620004186	ヘパリンＮａ透析２００Ｕ／ｍＬシリンジ２０ｍＬ「フソー」　４千Ｕ
620004188	ヘパリンＮａ透析２５０Ｕ／ｍＬシリンジ２０ｍＬ「フソー」　５千Ｕ
620004192	ヘパリンＮａロック１０Ｕ／ｍＬシリンジオーツカ５ｍＬ　５０Ｕ
620004193	ヘパリンＮａロック１０Ｕ／ｍＬシリンジオーツカ１０ｍＬ　１００Ｕ
620004194	ヘパリンＮａロック１００Ｕ／ｍＬシリンジオーツカ５ｍＬ　５００Ｕ
620004195	ヘパリンＮａロック１００Ｕ／ｍＬシリンジオーツカ１０ｍＬ　１千Ｕ
620004874	アリクストラ皮下注１．５ｍｇ　０．３ｍＬ
620004875	アリクストラ皮下注２．５ｍｇ　０．５ｍＬ
620005699	ヘパリンＮａ透析用１５０単位／ｍＬシリンジ２０ｍＬフソー　３千Ｕ
620005700	ヘパリンＮａ透析用１５０単位／ｍＬフソー２０ｍＬ　３千Ｕ
620005701	ヘパリンＮａ透析用２００単位／ｍＬフソー２０ｍＬ　４千Ｕ
620006786	クレキサン皮下注キット２０００ＩＵ　２千低ヘパ国際単位０．２ｍＬ
621463103	ヘパリンＮａロック用１０Ｕ／ｍＬシリンジ５ｍＬニプロ　５０Ｕ
621463203	ヘパリンＮａロック用１０Ｕ／ｍＬシリンジ１０ｍＬニプロ　１００Ｕ
621463403	ヘパリンＮａロック用１００Ｕ／ｍＬシリンジ１０ｍＬニプロ　１千Ｕ
621497403	ヘパリンＮａロック用１００Ｕ／ｍＬシリンジ５ｍＬニプロ　５００Ｕ
621544001	ヘパリンＮａロック１０Ｕ／ｍＬシリンジ５ｍＬ「テバ」　５０Ｕ
621544101	ヘパリンＮａロック１０Ｕ／ｍＬシリンジ１０ｍＬ「テバ」　１００Ｕ
621544201	ヘパリンＮａロック１００Ｕ／ｍＬシリンジ５ｍＬ「テバ」　５００Ｕ
621544301	ヘパリンＮａロック１００Ｕ／ｍＬシリンジ１０ｍＬ「テバ」　１千Ｕ
621653101	ヘパリンＮａ透析用５００Ｕ／ｍＬシリンジ１０ｍＬ「ＮＰ」　５千Ｕ
621653201	ヘパリンＮａ透析用５００Ｕ／ｍＬシリンジ２０ｍＬ「ＮＰ」　１万Ｕ
621700002	ヘパリンＮａロック１０Ｕ／ｍＬシリンジ「ＳＮ」５ｍＬ　５０Ｕ
621700102	ヘパリンＮａロック１０Ｕ／ｍＬシリンジ「ＳＮ」１０ｍＬ　１００Ｕ
621700202	ヘパリンＮａロック１００Ｕ／ｍＬシリンジ「ＳＮ」１０ｍＬ　１千Ｕ
621700302	ヘパリンＮａロック１００Ｕ／ｍＬシリンジ「ＳＮ」５ｍＬ　５００Ｕ
621759505	ヘパリンＮａ透析用１５０単位／ｍＬシリンジ２０ｍＬ「ＮＩＧ」
621759605	ヘパリンＮａ透析用２００単位／ｍＬシリンジ２０ｍＬ「ＮＩＧ」
621759805	ヘパリンＮａ透析用２５０単位／ｍＬシリンジ２０ｍＬ「ＮＩＧ」
621728001	ローヘパ透析用１００単位／ｍＬシリンジ２０ｍＬ　２千低ヘパ単位
621728101	ローヘパ透析用１５０単位／ｍＬシリンジ２０ｍＬ　３千低ヘパ単位
621728201	ローヘパ透析用２００単位／ｍＬシリンジ２０ｍＬ　４千低ヘパ単位
621956701	ヘパリンＮａ透析３５０Ｕ／ｍＬシリンジ２０ｍＬ「フソー」　７千Ｕ
621989202	パルナパリンＮａ透析１００Ｕ／ｍＬシリンジ２０ｍＬフソー　２千Ｕ
621989302	パルナパリンＮａ透析１５０Ｕ／ｍＬシリンジ２０ｍＬフソー　３千Ｕ
621989402	パルナパリンＮａ透析２００Ｕ／ｍＬシリンジ２０ｍＬフソー　４千Ｕ
622044501	アリクストラ皮下注５ｍｇ　０．４ｍＬ
622044601	アリクストラ皮下注７．５ｍｇ　０．６ｍＬ
622083701	ヘパリンＮａ透析用２５０Ｕ／ｍＬシリンジ１２ｍＬニプロ　３千Ｕ
622083801	ヘパリンＮａ透析用２５０Ｕ／ｍＬシリンジ１６ｍＬニプロ　４千Ｕ
622083901	ヘパリンＮａ透析用２５０Ｕ／ｍＬシリンジ２０ｍＬニプロ　５千Ｕ
622131301	ヘパフィルド透析用１５０単位／ｍＬシリンジ２０ｍＬ　３千単位
622131401	ヘパフィルド透析用２００単位／ｍＬシリンジ２０ｍＬ　４千単位
622811101	ヘパリンＮａ透析ロック用１千Ｕ／ｍＬシリンジ５ｍＬニプロ　５千Ｕ
643330016	輸血用クエン酸ナトリウム注射液　１０％５ｍＬ
643330019	輸血用チトラミン「フソー」　１０％５ｍＬ
621480902	パルナパリンＮａ透析５００Ｕ／ｍＬバイアル１０ｍＬＩＬＳ　５千Ｕ
621515201	ローヘパ透析用５００単位／ｍＬバイアル１０ｍＬ　５千低ヘパ単位
621544005	ヘパリンＮａロック用１０単位／ｍＬシリンジ５ｍＬ「ＮＩＧ」
621544105	ヘパリンＮａロック用１０単位／ｍＬシリンジ１０ｍＬ「ＮＩＧ」
621544205	ヘパリンＮａロック用１００単位／ｍＬシリンジ５ｍＬ「ＮＩＧ」
621544305	ヘパリンＮａロック用１００単位／ｍＬシリンジ１０ｍＬ「ＮＩＧ」
620000197	１％塩酸メピバカイン注ＰＢ　５ｍＬ
620000198	１％塩酸メピバカイン注ＰＢ　１０ｍＬ
620000263	２％塩酸メピバカイン注ＰＢ　５ｍＬ
620000264	２％塩酸メピバカイン注ＰＢ　１０ｍＬ
620000343	０．５％塩酸メピバカイン注ＰＢ　５ｍＬ
620000344	０．５％塩酸メピバカイン注ＰＢ　１０ｍＬ
620002936	キシロカイン注シリンジ０．５％　１０ｍＬ
620002937	キシロカイン注シリンジ１％　１０ｍＬ
620003201	塩酸メピバカイン注シリンジ０．５％「ＮＰ」　１０ｍＬ
620003202	塩酸メピバカイン注シリンジ１％「ＮＰ」　１０ｍＬ
620003203	塩酸メピバカイン注シリンジ２％「ＮＰ」　１０ｍＬ
620004312	カルボカインアンプル注０．５％　５ｍＬ
620004313	カルボカインアンプル注０．５％　１０ｍＬ
620004314	カルボカインアンプル注１％　２ｍＬ
620004315	カルボカインアンプル注１％　５ｍＬ
620004316	カルボカインアンプル注１％　１０ｍＬ
620004317	カルボカインアンプル注２％　２ｍＬ
620004318	カルボカインアンプル注２％　５ｍＬ
620004319	カルボカインアンプル注２％　１０ｍＬ
620005863	ロカイン注１％　１ｍＬ
620005864	ロカイン注１％　２ｍＬ
620005865	ロカイン注１％　５ｍＬ
620005866	ロカイン注２％　１ｍＬ
620005867	ロカイン注２％　２ｍＬ
620005868	ロカイン注２％　５ｍＬ
620006809	ポプスカイン０．２５％注シリンジ２５ｍｇ／１０ｍＬ
620006810	ポプスカイン０．２５％注バッグ２５０ｍｇ／１００ｍＬ
620006811	ポプスカイン０．２５％注２５ｍｇ／１０ｍＬ
620006812	ポプスカイン０．７５％注シリンジ７５ｍｇ／１０ｍＬ
620006813	ポプスカイン０．７５％注７５ｍｇ／１０ｍＬ
620006814	ポプスカイン０．７５％注１５０ｍｇ／２０ｍＬ
620007260	キシロカイン注ポリアンプ０．５％　５ｍＬ
620007261	キシロカイン注ポリアンプ０．５％　１０ｍＬ
620007262	キシロカイン注ポリアンプ１％　５ｍＬ
620007263	キシロカイン注ポリアンプ１％　１０ｍＬ
620007264	キシロカイン注ポリアンプ２％　５ｍＬ
620007265	キシロカイン注ポリアンプ２％　１０ｍＬ
620008387	プロカニン注０．５％　５ｍＬ
620008389	プロカニン注１％　５ｍＬ
620008888	テトカイン注用２０ｍｇ「杏林」
620163902	プロカイン塩酸塩注０．５％「トーワ」１ｍＬ
620164001	プロカイン塩酸塩注０．５％「トーワ」２ｍＬ
620164104	プロカイン塩酸塩注射液０．５％「日医工」　５ｍＬ
620164903	プロカイン塩酸塩注射液０．５％「日医工」　１０ｍＬ
620164406	プロカイン塩酸塩注１％「日新」
620164706	プロカイン塩酸塩注２％「日新」
621537102	リドカイン塩酸塩注射液１％「ファイザー」　５ｍＬ
621537202	リドカイン塩酸塩注射液１％「ファイザー」　１０ｍＬ
621537302	リドカイン塩酸塩注射液２％「ファイザー」　５ｍＬ
621537402	リドカイン塩酸塩注射液２％「ファイザー」　１０ｍＬ
621644201	リドカイン塩酸塩注１％「日新」　５ｍＬ
621644301	リドカイン塩酸塩注１％「日新」　１０ｍＬ
621651601	リドカイン塩酸塩注２％「日新」　５ｍＬ
621651701	リドカイン塩酸塩注２％「日新」　１０ｍＬ
621653501	リドカイン塩酸塩注０．５％「日新」　５ｍＬ
621653601	リドカイン塩酸塩注０．５％「日新」　１０ｍＬ
621698402	リドカイン塩酸塩注射液０．５％「ファイザー」　１０ｍＬ
621698502	リドカイン塩酸塩注射液０．５％「ファイザー」　５ｍＬ
622086301	ポプスカイン０．５％注シリンジ５０ｍｇ／１０ｍＬ
622086401	ポプスカイン０．５％注５０ｍｇ／１０ｍＬ
640422006	メピバカイン塩酸塩注射液　２％２ｍＬ
640422007	メピバカイン塩酸塩注射液　０．５％５ｍＬ
640422008	メピバカイン塩酸塩注射液　０．５％１０ｍＬ
620166710	メピバカイン塩酸塩注射液０．５％「ＶＴＲＳ」
621563701	メピバカイン塩酸塩注０．５％「日新」
621563801	メピバカイン塩酸塩注０．５％「日新」
640422010	メピバカイン塩酸塩注射液　１％２ｍＬ
640422011	メピバカイン塩酸塩注射液　１％５ｍＬ
620166810	メピバカイン塩酸塩注射液１％「ＶＴＲＳ」
621565201	メピバカイン塩酸塩注１％「日新」
621565301	メピバカイン塩酸塩注１％「日新」
640422014	メピバカイン塩酸塩注射液　２％５ｍＬ
640422015	メピバカイン塩酸塩注射液　２％１０ｍＬ
620166910	メピバカイン塩酸塩注射液２％「ＶＴＲＳ」
621562101	メピバカイン塩酸塩注２％「日新」
621562001	メピバカイン塩酸塩注２％「日新」
640422017	メピバカイン塩酸塩注射液　１％１０ｍＬ
621710002	メピバカイン塩酸塩注射液０．５％シリンジ５０ｍｇ／１０ｍＬ「ＮＰ」
621710102	メピバカイン塩酸塩注射液１％シリンジ１００ｍｇ／１０ｍＬ「ＮＰ」
621710202	メピバカイン塩酸塩注射液２％シリンジ２００ｍｇ／１０ｍＬ「ＮＰ」
640431026	０．５％塩酸メピバカイン注「ＮＭ」
640431027	１％塩酸メピバカイン注「ＮＭ」
640431028	２％塩酸メピバカイン注「ＮＭ」
640443005	マーカイン注脊麻用０．５％高比重　４ｍＬ
640443006	マーカイン注脊麻用０．５％等比重　４ｍＬ
640451000	アナペイン注２ｍｇ／ｍＬ　０．２％１０ｍＬ
640451001	アナペイン注２ｍｇ／ｍＬ　０．２％１００ｍＬ
640451002	アナペイン注７．５ｍｇ／ｍＬ　０．７５％１０ｍＬ
640451003	アナペイン注７．５ｍｇ／ｍＬ　０．７５％２０ｍＬ
640451004	アナペイン注１０ｍｇ／ｍＬ　１％１０ｍＬ
640451005	アナペイン注１０ｍｇ／ｍＬ　１％２０ｍＬ
641210003	キシロカイン注射液「０．５％」エピレナミン１：１００，０００含有
641210004	キシロカイン注射液「１％」エピレナミン（１：１００，０００）含有
641210005	キシロカイン注射液「２％」エピレナミン（１：８０，０００）含有
641210017	マーカイン注０．１２５％
641210018	マーカイン注０．２５％
641210019	マーカイン注０．５％
641210026	プロカイン塩酸塩注射液　０．５％１ｍＬ
641210027	プロカイン塩酸塩注射液　０．５％２ｍＬ
641210028	プロカイン塩酸塩注射液　０．５％５ｍＬ
641210029	プロカイン塩酸塩注射液　１％１ｍＬ
641210030	プロカイン塩酸塩注射液　１％２ｍＬ
641210031	プロカイン塩酸塩注射液　１％５ｍＬ
641210032	プロカイン塩酸塩注射液　１％１０ｍＬ
641210034	プロカイン塩酸塩注射液　２％１ｍＬ
641210035	プロカイン塩酸塩注射液　２％２ｍＬ
641210036	プロカイン塩酸塩注射液　２％５ｍＬ
641210039	メピバカイン塩酸塩注射液　０．５％
641210040	メピバカイン塩酸塩注射液　１％
641210041	メピバカイン塩酸塩注射液　２％
641210042	プロカイン塩酸塩注射液　０．５％１０ｍＬ
641210058	塩プロ１％注「小林」　１ｍＬ
641210063	塩プロ１％注「小林」　２ｍＬ
641210065	１％塩酸プロカイン注射液「ニッシン」　５ｍＬ
641210067	塩プロ１％注「小林」　５ｍＬ
641210078	２％塩酸プロカイン注射液「ニッシン」　２ｍＬ
641210090	０．５％カルボカイン注
641210091	１％カルボカイン注
641210092	２％カルボカイン注
620005154	カーボスター透析剤・Ｍ　１０Ｌ（炭酸水素ナトリウム付）
620005155	カーボスター透析剤・Ｌ　６Ｌ（炭酸水素ナトリウム液付）
620005156	カーボスター透析剤・Ｌ　９Ｌ（炭酸水素ナトリウム液付）
620005157	カーボスター透析剤・Ｐ　２袋
620007210	ＡＫ－ソリタ透析剤・ＦＬ　９Ｌ（炭酸水素ナトリウム液付）
620007211	ＡＫ－ソリタ透析剤・ＦＰ　９Ｌ（炭酸水素ナトリウム付）
620007212	ＡＫ－ソリタ透析剤・ＤＬ　９Ｌ（炭酸水素ナトリウム液付）
620007213	ＡＫ－ソリタ透析剤・ＤＰ　９Ｌ（炭酸水素ナトリウム付）
620007307	サブパック血液ろ過用補充液－Ｂｉ　１０１０ｍＬ
620007308	サブパック血液ろ過用補充液－Ｂｉ　２０２０ｍＬ
620007429	バイフィル専用炭酸水素ナトリウム補充液１．３９％　２Ｌ
620007430	バイフィル透析剤　６Ｌ
620007543	リンパック透析剤ＴＡ１　２袋
620007544	リンパック透析剤ＴＡ３　２袋
620008806	キンダリー透析剤２Ｅ　２袋
620008808	キンダリー透析剤３Ｅ　２袋
620008809	キンダリー透析剤３Ｄ　３袋
620009543	サブラッド血液ろ過用補充液ＢＳＧ　１０１０ｍＬ
620009544	サブラッド血液ろ過用補充液ＢＳＧ　２０２０ｍＬ
620820901	キンダリー透析剤ＡＦ１号　９Ｌ（炭酸水素ナトリウム液付）
620821001	キンダリー透析剤ＡＦ１Ｐ号　１０Ｌ（炭酸水素ナトリウム付）
620822001	キンダリー透析剤ＡＦ２号　９Ｌ（炭酸水素ナトリウム液付）
620822101	キンダリー透析剤ＡＦ２Ｐ号　１０Ｌ（炭酸水素ナトリウム付）
620822301	キンダリー透析剤ＡＦ２号　６Ｌ（炭酸水素ナトリウム液付）
620822901	キンダリー透析剤ＡＦ３号　９Ｌ（炭酸水素ナトリウム液付）
620823001	キンダリー透析剤ＡＦ３Ｐ号　１０Ｌ（炭酸水素ナトリウム付）
620823201	キンダリー透析剤ＡＦ３号　６Ｌ（炭酸水素ナトリウム液付）
621315901	キドライム　透析剤　Ｔ－３０　２袋
621561701	Ｄドライ透析剤２．５Ｓ　２瓶
621561801	Ｄドライ透析剤３．０Ｓ　２瓶
622054501	キンダリー透析剤ＡＦ４Ｐ号　１０Ｌ（炭酸水素ナトリウム付）
622054601	キンダリー透析剤４Ｄ　３袋
622054701	キンダリー透析剤４Ｅ　２袋
622181701	キンダリー透析剤ＡＦ４号　６Ｌ（炭酸水素ナトリウム液付）
622420401	キンダリー透析剤ＡＦ４号　９Ｌ（炭酸水素ナトリウム液付）
622530601	Ｄドライ透析剤２．７５Ｓ　２瓶
622836101	キンダリー透析剤５Ｅ　２袋
622836201	キンダリー透析剤ＡＦ５Ｐ号　１０Ｌ（炭酸水素ナトリウム付）
622836301	キンダリー透析剤ＡＦ５号　６Ｌ（炭酸水素ナトリウム液付）
622836401	キンダリー透析剤ＡＦ５号　９Ｌ（炭酸水素ナトリウム液付）
620008830	ステイセーフバランス　１／１．５　腹膜透析液　１．５Ｌ排液バッグ
620008831	ステイセーフバランス　１／１．５　腹膜透析液　２Ｌ排液用バッグ付
620008832	ステイセーフバランス　１／１．５　腹膜透析液　２．５Ｌ
620008833	ステイセーフバランス　１／１．５　腹膜透析液　２．５Ｌ排液バッグ
620008834	ステイセーフバランス　１／２．５　腹膜透析液　１．５Ｌ排液バッグ
620008835	ステイセーフバランス　１／２．５　腹膜透析液　２Ｌ排液用バッグ付
620008836	ステイセーフバランス　１／２．５　腹膜透析液　２．５Ｌ
620008837	ステイセーフバランス　１／２．５　腹膜透析液　２．５Ｌ排液バッグ
620008838	ステイセーフバランス　１／４．２５　腹膜透析　１．５Ｌ排液バッグ
620008839	ステイセーフバランス　１／４．２５　腹膜透析液　２Ｌ排液用バッグ
620008840	ステイセーフバランス　２／１．５　腹膜透析液　１．５Ｌ排液バッグ
620008841	ステイセーフバランス　２／１．５　腹膜透析液　２Ｌ排液用バッグ付
620008842	ステイセーフバランス　２／１．５　腹膜透析液　２．５Ｌ
620008843	ステイセーフバランス　２／１．５　腹膜透析液　２．５Ｌ排液バッグ
620008844	ステイセーフバランス　２／２．５　腹膜透析液　１．５Ｌ排液バッグ
620008845	ステイセーフバランス　２／２．５　腹膜透析液　２Ｌ排液用バッグ付
620008846	ステイセーフバランス　２／２．５　腹膜透析液　２．５Ｌ
620008847	ステイセーフバランス　２／２．５　腹膜透析液　２．５Ｌ排液バッグ
620008848	ステイセーフバランス　２／４．２５　腹膜透析　１．５Ｌ排液バッグ
620008849	ステイセーフバランス　２／４．２５　腹膜透析液　２Ｌ排液用バッグ
620009138	エクストラニール腹膜透析液　１．５Ｌ
620009139	エクストラニール腹膜透析液　１．５Ｌ（排液用バッグ付）
620009140	エクストラニール腹膜透析液　２Ｌ
620009141	エクストラニール腹膜透析液　２Ｌ（排液用バッグ付）
620009154	ダイアニール－Ｎ　ＰＤ－２　１．５腹膜透析液　１Ｌ
620009155	ダイアニール－Ｎ　ＰＤ－２　１．５腹膜透析液　１Ｌ排液用バッグ付
620009156	ダイアニール－Ｎ　ＰＤ－２　１．５腹膜透析液　１．５Ｌ
620009157	ダイアニール－Ｎ　ＰＤ－２　１．５腹膜透析　１．５Ｌ排液バッグ付
620009158	ダイアニール－Ｎ　ＰＤ－２　１．５腹膜透析液　２Ｌ
620009159	ダイアニール－Ｎ　ＰＤ－２　１．５腹膜透析液　２Ｌ排液用バッグ付
620009160	ダイアニール－Ｎ　ＰＤ－２　１．５腹膜透析液　２．５Ｌ
620009161	ダイアニール－Ｎ　ＰＤ－２　１．５腹膜透析　２．５Ｌ排液バッグ付
620009162	ダイアニール－Ｎ　ＰＤ－２　１．５腹膜透析液　５Ｌ
620009163	ダイアニール－Ｎ　ＰＤ－２　２．５腹膜透析液　１Ｌ
620009164	ダイアニール－Ｎ　ＰＤ－２　２．５腹膜透析液　１Ｌ排液用バッグ付
620009165	ダイアニール－Ｎ　ＰＤ－２　２．５腹膜透析液　１．５Ｌ
620009166	ダイアニール－Ｎ　ＰＤ－２　２．５腹膜透析　１．５Ｌ排液バッグ付
620009167	ダイアニール－Ｎ　ＰＤ－２　２．５腹膜透析液　２Ｌ
620009168	ダイアニール－Ｎ　ＰＤ－２　２．５腹膜透析液　２Ｌ排液用バッグ付
620009169	ダイアニール－Ｎ　ＰＤ－２　２．５腹膜透析液　２．５Ｌ
620009170	ダイアニール－Ｎ　ＰＤ－２　２．５腹膜透析　２．５Ｌ排液バッグ付
620009171	ダイアニール－Ｎ　ＰＤ－２　２．５腹膜透析液　５Ｌ
620009172	ダイアニール－Ｎ　ＰＤ－４　１．５腹膜透析液　１Ｌ
620009173	ダイアニール－Ｎ　ＰＤ－４　１．５腹膜透析液　１Ｌ排液用バッグ付
620009174	ダイアニール－Ｎ　ＰＤ－４　１．５腹膜透析液　１．５Ｌ
620009175	ダイアニール－Ｎ　ＰＤ－４　１．５腹膜透析　１．５Ｌ排液バッグ付
620009176	ダイアニール－Ｎ　ＰＤ－４　１．５腹膜透析液　２Ｌ
620009177	ダイアニール－Ｎ　ＰＤ－４　１．５腹膜透析液　２Ｌ排液用バッグ付
620009178	ダイアニール－Ｎ　ＰＤ－４　１．５腹膜透析液　２．５Ｌ
620009179	ダイアニール－Ｎ　ＰＤ－４　１．５腹膜透析　２．５Ｌ排液バッグ付
620009180	ダイアニール－Ｎ　ＰＤ－４　１．５腹膜透析液　５Ｌ
620009181	ダイアニール－Ｎ　ＰＤ－４　２．５腹膜透析液　１Ｌ
620009182	ダイアニール－Ｎ　ＰＤ－４　２．５腹膜透析液　１Ｌ排液用バッグ付
620009183	ダイアニール－Ｎ　ＰＤ－４　２．５腹膜透析液　１．５Ｌ
620009184	ダイアニール－Ｎ　ＰＤ－４　２．５腹膜透析　１．５Ｌ排液バッグ付
620009185	ダイアニール－Ｎ　ＰＤ－４　２．５腹膜透析液　２Ｌ
620009186	ダイアニール－Ｎ　ＰＤ－４　２．５腹膜透析液　２Ｌ排液用バッグ付
620009187	ダイアニール－Ｎ　ＰＤ－４　２．５腹膜透析液　２．５Ｌ
620009188	ダイアニール－Ｎ　ＰＤ－４　２．５腹膜透析　２．５Ｌ排液バッグ付
620009189	ダイアニール－Ｎ　ＰＤ－４　２．５腹膜透析液　５Ｌ
620009190	ダイアニールＰＤ－２　４．２５腹膜透析液　１．５Ｌ排液用バッグ付
620009191	ダイアニールＰＤ－２　４．２５腹膜透析液　２Ｌ
620009192	ダイアニールＰＤ－２　４．２５腹膜透析液　２Ｌ（排液用バッグ付）
620009193	ダイアニールＰＤ－４　４．２５腹膜透析液　１Ｌ（排液用バッグ付）
620009194	ダイアニールＰＤ－４　４．２５腹膜透析液　２Ｌ
620009195	ダイアニールＰＤ－４　４．２５腹膜透析液　２Ｌ（排液用バッグ付）
620829801	ミッドペリック１３５腹膜透析液　１．５Ｌ
620829901	ミッドペリック１３５腹膜透析液　２Ｌ
620830101	ミッドペリック１３５腹膜透析液　１Ｌ
620830201	ミッドペリック１３５腹膜透析液　１Ｌ（排液用バッグ付）
620830301	ミッドペリック１３５腹膜透析液　１．５Ｌ（排液用バッグ付）
620830401	ミッドペリック１３５腹膜透析液　２Ｌ（排液用バッグ付）
620830801	ミッドペリック２５０腹膜透析液　１．５Ｌ
620830901	ミッドペリック２５０腹膜透析液　２Ｌ
620831201	ミッドペリック２５０腹膜透析液　１Ｌ（排液用バッグ付）
620831301	ミッドペリック２５０腹膜透析液　１．５Ｌ（排液用バッグ付）
620831401	ミッドペリック２５０腹膜透析液　２Ｌ（排液用バッグ付）
620831901	ミッドペリック４００腹膜透析液　２Ｌ
620832401	ミッドペリック４００腹膜透析液　２Ｌ（排液用バッグ付）
621317201	ミッドペリックＬ１３５腹膜透析液　１Ｌ
621317301	ミッドペリックＬ１３５腹膜透析液　１Ｌ（排液用バッグ付）
621317401	ミッドペリックＬ１３５腹膜透析液　１．５Ｌ
621317501	ミッドペリックＬ１３５腹膜透析液　１．５Ｌ（排液用バッグ付）
621317601	ミッドペリックＬ１３５腹膜透析液　２Ｌ
621317701	ミッドペリックＬ１３５腹膜透析液　２Ｌ（排液用バッグ付）
621318001	ミッドペリックＬ２５０腹膜透析液　１Ｌ
621318101	ミッドペリックＬ２５０腹膜透析液　１Ｌ（排液用バッグ付）
621318201	ミッドペリックＬ２５０腹膜透析液　１．５Ｌ
621318301	ミッドペリックＬ２５０腹膜透析液　１．５Ｌ（排液用バッグ付）
621318401	ミッドペリックＬ２５０腹膜透析液　２Ｌ
621318501	ミッドペリックＬ２５０腹膜透析液　２Ｌ（排液用バッグ付）
621318901	ミッドペリックＬ４００腹膜透析液　１Ｌ（排液用バッグ付）
621319201	ミッドペリックＬ４００腹膜透析液　２Ｌ
621319301	ミッドペリックＬ４００腹膜透析液　２Ｌ（排液用バッグ付）
621492801	ペリセート３６０ＮＬ腹膜透析液　２．５Ｌ（排液用バッグ付）
621492901	ペリセート４００ＮＬ腹膜透析液　２．５Ｌ（排液用バッグ付）
621501501	ペリセート３６０Ｎ腹膜透析液　１．５Ｌ
621501601	ペリセート３６０Ｎ腹膜透析液　１．５Ｌ（排液用バッグ付）
621501701	ペリセート３６０Ｎ腹膜透析液　２Ｌ
621501801	ペリセート３６０Ｎ腹膜透析液　２Ｌ（排液用バッグ付）
621501901	ペリセート３６０ＮＬ腹膜透析液　１．５Ｌ
621502001	ペリセート３６０ＮＬ腹膜透析液　１．５Ｌ（排液用バッグ付）
621502101	ペリセート３６０ＮＬ腹膜透析液　１Ｌ
621502201	ペリセート３６０ＮＬ腹膜透析液　１Ｌ（排液用バッグ付）
621502301	ペリセート３６０ＮＬ腹膜透析液　２Ｌ
621502401	ペリセート３６０ＮＬ腹膜透析液　２Ｌ（排液用バッグ付）
621502501	ペリセート３６０ＮＬ腹膜透析液　３Ｌ
621502601	ペリセート４００Ｎ腹膜透析液　１．５Ｌ
621502701	ペリセート４００Ｎ腹膜透析液　１．５Ｌ（排液用バッグ付）
621502801	ペリセート４００Ｎ腹膜透析液　２Ｌ
621502901	ペリセート４００Ｎ腹膜透析液　２Ｌ（排液用バッグ付）
621503001	ペリセート４００ＮＬ腹膜透析液　１．５Ｌ
621503101	ペリセート４００ＮＬ腹膜透析液　１．５Ｌ（排液用バッグ付）
621503201	ペリセート４００ＮＬ腹膜透析液　１Ｌ
621503301	ペリセート４００ＮＬ腹膜透析液　１Ｌ（排液用バッグ付）
621503401	ペリセート４００ＮＬ腹膜透析液　２Ｌ
621503501	ペリセート４００ＮＬ腹膜透析液　２Ｌ（排液用バッグ付）
621503601	ペリセート４００ＮＬ腹膜透析液　３Ｌ
621503701	ペリセート３６０Ｎ腹膜透析液　１Ｌ
621503801	ペリセート３６０Ｎ腹膜透析液　１Ｌ（排液用バッグ付）
621503901	ペリセート３６０Ｎ腹膜透析液　３Ｌ
621505201	ペリセート４００Ｎ腹膜透析液　１Ｌ
621505301	ペリセート４００Ｎ腹膜透析液　１Ｌ（排液用バッグ付）
621505401	ペリセート４００Ｎ腹膜透析液　３Ｌ
621563301	ペリセート４００Ｎ腹膜透析液　２．５Ｌ（排液用バッグ付）
621564101	ペリセート３６０Ｎ腹膜透析液　２．５Ｌ（排液用バッグ付）
621628201	ミッドペリックＬ１３５腹膜透析液　２．５Ｌ
621633401	ミッドペリックＬ２５０腹膜透析液　２．５Ｌ
621633501	ミッドペリックＬ１３５腹膜透析液　２．５Ｌ（排液用バッグ付）
621633601	ミッドペリックＬ２５０腹膜透析液　２．５Ｌ（排液用バッグ付）
622132501	ステイセーフバランス　１／４．２５　腹膜透析液　１Ｌ排液用バッグ
622132601	ステイセーフバランス　１／４．２５　腹膜透析液　２Ｌ
622132701	ステイセーフバランス　２／４．２５　腹膜透析液　２Ｌ
622299401	レギュニール　ＨＣａ　１．５腹膜透析液　１Ｌ（排液用バッグ付）
622299501	レギュニール　ＨＣａ　１．５腹膜透析液　１．５Ｌ排液用バッグ付
622299601	レギュニール　ＨＣａ　１．５腹膜透析液　２Ｌ（排液用バッグ付）
622299701	レギュニール　ＨＣａ　１．５腹膜透析液　２．５Ｌ
622299801	レギュニール　ＨＣａ　１．５腹膜透析液　５Ｌ
622299901	レギュニール　ＨＣａ　２．５腹膜透析液　１Ｌ（排液用バッグ付）
622300001	レギュニール　ＨＣａ　２．５腹膜透析液　１．５Ｌ排液用バッグ付
622300101	レギュニール　ＨＣａ　２．５腹膜透析液　２Ｌ（排液用バッグ付）
622300201	レギュニール　ＨＣａ　２．５腹膜透析液　２．５Ｌ
622300301	レギュニール　ＨＣａ　２．５腹膜透析液　５Ｌ
622300401	レギュニール　ＬＣａ　１．５腹膜透析液　１Ｌ（排液用バッグ付）
622300501	レギュニール　ＬＣａ　１．５腹膜透析液　１．５Ｌ排液用バッグ付
622300601	レギュニール　ＬＣａ　１．５腹膜透析液　２Ｌ（排液用バッグ付）
622300701	レギュニール　ＬＣａ　１．５腹膜透析液　２．５Ｌ
622300801	レギュニール　ＬＣａ　１．５腹膜透析液　５Ｌ
622300901	レギュニール　ＬＣａ　２．５腹膜透析液　１Ｌ（排液用バッグ付）
622301001	レギュニール　ＬＣａ　２．５腹膜透析液　１．５Ｌ排液用バッグ付
622301101	レギュニール　ＬＣａ　２．５腹膜透析液　２Ｌ（排液用バッグ付）
622301201	レギュニール　ＬＣａ　２．５腹膜透析液　２．５Ｌ
622301301	レギュニール　ＬＣａ　２．５腹膜透析液　５Ｌ
622301401	レギュニール　ＨＣａ　４．２５腹膜透析液　２Ｌ
622301501	レギュニール　ＬＣａ　４．２５腹膜透析液　２Ｌ
622396501	ニコペリック腹膜透析液　１．５Ｌ
622396601	ニコペリック腹膜透析液　１．５Ｌ（排液用バッグ付）
622396701	ニコペリック腹膜透析液　２Ｌ
622396801	ニコペリック腹膜透析液　２Ｌ（排液用バッグ付）
620002416	注射用ＧＨＲＰ科研１００　１００μｇ（溶解液付）
620003705	ＬＨ－ＲＨ注０．１ｍｇ「タナベ」
620003755	ＴＲＨ注０．５ｍｇ「タナベ」
620007191	アンチレクス静注１０ｍｇ　１％１ｍＬ
620007311	ジアグノグリーン注射用２５ｍｇ　（溶解液付）
620007383	テリパラチド酢酸塩静注用１００旭化成　１００酢酸テリパラチド単位
621194401	プロチレリン酒石酸塩注射液０．５ｍｇ「サワイ」
621194701	プロチレリン酒石酸塩注０．５ｍｇ「ＮＰ」
621194803	プロチレリン酒石酸塩注射液０．５ｍｇ「日医工」
621195201	プロチレリン酒石酸塩注射液２ｍｇ「サワイ」　１ｍＬ
621195401	プロチレリン酒石酸塩注２ｍｇ「ＮＰ」　１ｍＬ
621196001	ヒトＣＲＨ静注用１００μｇ「タナベ」　（溶解液付）
621196304	インジゴカルミン注２０ｍｇ「ＡＦＰ」　０．４％５ｍＬ
621196404	パラアミノ馬尿酸ソーダ注射液１０％（ＡＦＰ）　２０ｍＬ
621196604	フェノールスルホンフタレイン注０．６％「ＡＦＰ」　１．３ｍＬ
621197401	グルカゴンＧノボ注射用１ｍｇ　（溶解液付）
621515302	グルカゴン注射用１単位「ＩＬＳ」　１Ｕ．Ｓ．Ｐ．単位（溶解液付）
621792802	プロチレリン酒石酸塩注射液１ｍｇ「日医工」　１ｍＬ
621792902	プロチレリン酒石酸塩注射液２ｍｇ「日医工」　１ｍＬ
621921002	アルギニン点滴静注３０ｇ「ＡＹ」　１０％３００ｍＬ
621967502	プロチレリン酒石酸塩注射液１ｍｇ「サワイ」　１ｍＬ
622080102	プロチレリン酒石酸塩注１ｍｇ「ＮＰ」　１ｍＬ
622256801	イヌリード注　４ｇ４０ｍＬ
622769600	プロチレリン酒石酸塩０．５ｍｇ注射液
622769700	プロチレリン酒石酸塩１ｍｇ１ｍＬ注射液
622769800	プロチレリン酒石酸塩２ｍｇ１ｍＬ注射液
640454036	ヒルトニン０．５ｍｇ注射液
641190002	ヒルトニン１ｍｇ注射液　１ｍＬ
641190003	ヒルトニン２ｍｇ注射液　１ｍＬ
647280004	インジゴカルミン注射液　０．４％５ｍＬ
647280017	フェノールスルホンフタレイン注射液　０．６％１．３ｍＬ
621894701	ゾレア皮下注用１５０ｍｇ
622489001	ヌーカラ皮下注用１００ｍｇ
629916801	小児用ヌーカラ皮下注４０ｍｇシリンジ　０．４ｍＬ
622586701	ファセンラ皮下注３０ｍｇシリンジ　１ｍＬ
629925401	ファセンラ皮下注１０ｍｇシリンジ　０．５ｍＬ
622680501	ゾレア皮下注７５ｍｇシリンジ　０．５ｍＬ
622680601	ゾレア皮下注１５０ｍｇシリンジ　１ｍＬ
629928801	ゾレア皮下注７５ｍｇペン　０．５ｍＬ
629928901	ゾレア皮下注１５０ｍｇペン　１ｍＬ
629929001	ゾレア皮下注３００ｍｇペン　２ｍＬ
629906501	ヌーカラ皮下注１００ｍｇペン　１ｍＬ
629906601	ヌーカラ皮下注１００ｍｇシリンジ　１ｍＬ
620004411	ニューモバックスＮＰ　０．５ｍＬ
621150308	ビームゲン注０．２５ｍＬ
621150408	ビームゲン注０．５ｍＬ
622405001	メナクトラ筋注　０．５ｍＬ
622629101	ヘプタバックス－２水性懸濁注シリンジ０．２５ｍＬ
622629201	ヘプタバックス－２水性懸濁注シリンジ０．５ｍＬ
622683901	ラビピュール筋注用　（溶解液付）
622833101	ニューモバックスＮＰシリンジ　０．５ｍＬ
646310001	乾燥組織培養不活化狂犬病ワクチン　（溶解液付）
646310009	組換え沈降Ｂ型肝炎ワクチン（酵母由来）　０．２５ｍＬ
646310010	組換え沈降Ｂ型肝炎ワクチン（酵母由来）　０．５ｍＬ
646310011	組織培養不活化狂犬病ワクチン　（溶解液付）
646310024	肺炎球菌ワクチン　０．５ｍＬ
646310025	組換え沈降Ｂ型肝炎ワクチン（チャイニーズハムスター）０．２５ｍＬ
646310026	組換え沈降Ｂ型肝炎ワクチン（チャイニーズハムスター）　０．５ｍＬ
620005861	破トキ「ビケンＦ」　０．５ｍＬ
640451044	沈降破傷風トキソイドキット「タケダ」　０．５ｍＬ
646320001	沈降破傷風トキソイド　１０ｍＬ
646320003	沈降破傷風トキソイド　０．５ｍＬ
646320005	沈降破傷風トキソイド「生研」　０．５ｍＬ
621151601	献血ベニロン－Ｉ静注用１０００ｍｇ
621154301	ＰＰＳＢ－ＨＴ静注用２００単位「ニチヤク」２００国際単位溶解液付
621154501	ＰＰＳＢ－ＨＴ静注用５００単位「ニチヤク」５００国際単位溶解液付
621755301	献血アルブミン５％静注１２．５ｇ／２５０ｍＬ「ニチヤク」
621155501	献血アルブミン２０％静注４ｇ／２０ｍＬ「ニチヤク」
621645901	献血アルブミン２５％静注１２．５ｇ／５０ｍＬ「ニチヤク」
621157401	献血アルブミン２０％静注１０ｇ／５０ｍＬ「ニチヤク」
621155407	献血アルブミン２０「ＫＭＢ」
621159206	アンスロビンＰ５００注射用
620003432	アンスロビンＰ１５００注射用
622683601	ピリヴィジェン１０％点滴静注５ｇ／５０ｍＬ
622683701	ピリヴィジェン１０％点滴静注１０ｇ／１００ｍＬ
622683801	ピリヴィジェン１０％点滴静注２０ｇ／２００ｍＬ
620006788	メドウェイ注２５％
622507301	オクトレオチド皮下注５０μｇ「ＳＵＮ」
622507401	オクトレオチド皮下注１００μｇ「ＳＵＮ」
620005691	パミドロン酸二Ｎａ点滴静注用１５ｍｇ「Ｆ」
620005692	パミドロン酸二Ｎａ点滴静注用３０ｍｇ「Ｆ」
622356301	ゾレドロン酸点滴静注液４ｍｇ／５ｍＬ「サワイ」
622344201	ゾレドロン酸点滴静注液４ｍｇ／５ｍＬ「ファイザー」
622337201	ゾレドロン酸点滴静注４ｍｇ／５ｍＬ「ヤクルト」
622342601	ゾレドロン酸点滴静注４ｍｇ／５ｍＬ「テバ」
622360301	ゾレドロン酸点滴静注液４ｍｇ／１００ｍＬバッグ「日医工」
622344301	ゾレドロン酸点滴静注液４ｍｇ／１００ｍＬバッグ「ファイザー」
622391001	ゾレドロン酸点滴静注液４ｍｇ／１００ｍＬバッグ「サワイ」
622283001	シタラビン点滴静注液１ｇ「テバ」
622282901	シタラビン点滴静注液４００ｍｇ「テバ」
622460401	ゲムシタビン点滴静注液２００ｍｇ／５．３ｍＬ「ホスピーラ」
622460501	ゲムシタビン点滴静注液１ｇ／２６．３ｍＬ「ホスピーラ」
622019601	ゲムシタビン点滴静注用２００ｍｇ「ホスピーラ」
622062103	ゲムシタビン点滴静注用２００ｍｇ「ＴＹＫ」
622019701	ゲムシタビン点滴静注用１ｇ「ホスピーラ」
622062203	ゲムシタビン点滴静注用１ｇ「ＴＹＫ」
622059701	イリノテカン塩酸塩点滴静注液４０ｍｇ「タイヨー」
622230201	イリノテカン塩酸塩点滴静注液４０ｍｇ「日医工」
622059801	イリノテカン塩酸塩点滴静注液１００ｍｇ「タイヨー」
622230301	イリノテカン塩酸塩点滴静注液１００ｍｇ「日医工」
622903800	イリノテカン塩酸塩１００ｍｇ５ｍＬ注射液
622082001	パクリタキセル点滴静注液３０ｍｇ「サンド」
622082101	パクリタキセル点滴静注液１００ｍｇ「サンド」
620923202	シスプラチン点滴静注液１０ｍｇ「ファイザー」
620923602	シスプラチン点滴静注液２５ｍｇ「ファイザー」
620924002	シスプラチン点滴静注液５０ｍｇ「ファイザー」
620004117	カルボプラチン点滴静注液５０ｍｇ「サワイ」
622098103	カルボプラチン点滴静注液５０ｍｇ「ＴＹＫ」
620004119	カルボプラチン点滴静注液１５０ｍｇ「サワイ」
622098203	カルボプラチン点滴静注液１５０ｍｇ「ＴＹＫ」
620004121	カルボプラチン点滴静注液４５０ｍｇ「サワイ」
622098303	カルボプラチン点滴静注液４５０ｍｇ「ＴＹＫ」
620007300	コホリン静注用７．５ｍｇ
622394701	オキサリプラチン点滴静注液５０ｍｇ「テバ」
622394801	オキサリプラチン点滴静注液１００ｍｇ「テバ」
622437301	オキサリプラチン点滴静注液１００ｍｇ／２０ｍＬ「ＫＣＣ」
622437401	オキサリプラチン点滴静注液２００ｍｇ／４０ｍＬ「ＫＣＣ」
622432401	オキサリプラチン点滴静注液２００ｍｇ「テバ」
620004740	ピシバニール注射用０．２ＫＥ
620004741	ピシバニール注射用０．５ＫＥ
620518605	ヒドロコルチゾンコハク酸エステルＮａ注射用１００ｍｇ「武田テバ」
620518905	ヒドロコルチゾンコハク酸エステルＮａ注射用３００ｍｇ「武田テバ」
620519005	ヒドロコルチゾンコハク酸エステルＮａ静注用５００ｍｇ「武田テバ」
620005804	ドパミン塩酸塩点滴静注１００ｍｇ「アイロム」
620005858	ドパミン塩酸塩点滴静注液１００ｍｇ「タイヨー」
620008381	ドパミン塩酸塩点滴静注１００ｍｇ「ＫＮ」
620244732	ドパミン塩酸塩点滴静注液１００ｍｇ「ファイザー」
621399008	ドパミン塩酸塩点滴静注液５０ｍｇ「タイヨー」
622060501	ドパミン塩酸塩点滴静注液２００ｍｇ「タイヨー」
620002179	塩酸ドパミン注キット２００
620002180	塩酸ドパミン注キット６００
620246104	ドパミン塩酸塩点滴静注液２００ｍｇキット「ファイザー」
620246305	ドパミン塩酸塩点滴静注液２００ｍｇバッグ「武田テバ」
620246201	ドパミン塩酸塩点滴２００ｍｇバッグニチヤク
620246404	ドパミン塩酸塩点滴静注液６００ｍｇキット「ファイザー」
620246605	ドパミン塩酸塩点滴静注液６００ｍｇバッグ「武田テバ」
620246501	ドパミン塩酸塩点滴静注液６００ｍｇバッグ「ニチヤク」
621365321	ドブタミン点滴静注液１００ｍｇ「ファイザー」
620247903	ドブタミン点滴静注液２００ｍｇキット「ファイザー」
620248003	ドブタミン点滴静注液６００ｍｇキット「ファイザー」
620003225	ドブポン注０．１％シリンジ
620003226	ドブポン注０．３％シリンジ
620004161	ドブポン注０．６％シリンジ
620006213	オザグレルＮａ点滴静注２０ｍｇ「ＭＥＥＫ」
620006214	オザグレルＮａ点滴静注８０ｍｇ「ＭＥＥＫ」
621947801	オザグレルＮａ点滴静注４０ｍｇ「ＭＥＥＫ」
640463048	キサンボン注射用２０ｍｇ
620002253	注射用オザグレルナトリウム２０ｍｇ「Ｆ」
640463049	キサンボン注射用４０ｍｇ
620002254	注射用オザグレルナトリウム４０ｍｇ「Ｆ」
620002933	キサンボンＳ注射液２０ｍｇ
620002934	キサンボンＳ注射液４０ｍｇ
620766038	生理食塩液「ＶＴＲＳ」　２０ｍＬ
620766730	生理食塩液「ＶＴＲＳ」　１００ｍＬ
620766906	生理食塩液「ＶＴＲＳ」　２５０ｍＬ
620767120	生理食塩液「ＶＴＲＳ」　５００ｍＬ
621537104	リドカイン塩酸塩注射液１％「ＶＴＲＳ」　５ｍＬ
621537204	リドカイン塩酸塩注射液１％「ＶＴＲＳ」　１０ｍＬ
621537304	リドカイン塩酸塩注射液２％「ＶＴＲＳ」　５ｍＬ
621537404	リドカイン塩酸塩注射液２％「ＶＴＲＳ」　１０ｍＬ
621698403	リドカイン塩酸塩注射液０．５％「ＶＴＲＳ」　１０ｍＬ
621698504	リドカイン塩酸塩注射液０．５％「ＶＴＲＳ」　５ｍＬ
622933400	ドパミン塩酸塩５０ｍｇ２．５ｍＬ注射液
620005181	チョコラＡ筋注５万単位
622458503	マキサカルシトール静注透析用２．５μｇ「ＮＩＧ」　１ｍＬ
622514101	マキサカルシトール静注透析用２．５μｇ「トーワ」　１ｍＬ
622848600	マキサカルシトール２．５μｇ１ｍＬ注射液
640443023	オキサロール注２．５μｇ　１ｍＬ
622466701	マキサカルシトール静注透析用２．５μｇ「日医工」　１ｍＬ
622471001	マキサカルシトール静注透析用２．５μｇ「ニプロ」　１ｍＬ
622456003	マキサカルシトール静注透析用２．５μｇ「ＶＴＲＳ」　１ｍＬ
622458603	マキサカルシトール静注透析用５μｇ「ＮＩＧ」　１ｍＬ
622848700	マキサカルシトール５μｇ１ｍＬ注射液
640443024	オキサロール注５μｇ　１ｍＬ
622466801	マキサカルシトール静注透析用５μｇ「日医工」　１ｍＬ
622471101	マキサカルシトール静注透析用５μｇ「ニプロ」　１ｍＬ
622514201	マキサカルシトール静注透析用５μｇ「トーワ」　１ｍＬ
622456103	マキサカルシトール静注透析用５μｇ「ＶＴＲＳ」　１ｍＬ
622456203	マキサカルシトール静注透析用１０μｇ「ＶＴＲＳ」　１ｍＬ
622458703	マキサカルシトール静注透析用１０μｇ「ＮＩＧ」　１ｍＬ
622471201	マキサカルシトール静注透析用１０μｇ「ニプロ」　１ｍＬ
622514001	マキサカルシトール静注透析用１０μｇ「トーワ」　１ｍＬ
622693400	マキサカルシトール１０μｇ１ｍＬ注射液
640443025	オキサロール注１０μｇ　１ｍＬ
622466901	マキサカルシトール静注透析用１０μｇ「日医工」　１ｍＬ
622605601	マキサカルシトール静注透析用シリンジ２．５μｇ「イセイ」　１ｍＬ
622605701	マキサカルシトール静注透析用シリンジ２．５μｇ「フソー」　１ｍＬ
622605801	マキサカルシトール静注透析用シリンジ５μｇ「イセイ」　１ｍＬ
622605901	マキサカルシトール静注透析用シリンジ５μｇ「フソー」　１ｍＬ
622606001	マキサカルシトール静注透析用シリンジ１０μｇ「イセイ」　１ｍＬ
622606101	マキサカルシトール静注透析用シリンジ１０μｇ「フソー」　１ｍＬ
640451015	ロカルトロール注０．５　０．５μｇ１ｍＬ
622430001	カルシトリオール静注液０．５μｇ「Ｆ」　１ｍＬ
640451016	ロカルトロール注１　１μｇ１ｍＬ
622430101	カルシトリオール静注液１μｇ「Ｆ」　１ｍＬ
620680303	チアミン塩化物塩酸塩注５ｍｇ「フソー」
643120100	チアミン塩化物塩酸塩注射液　５ｍｇ
620008385	ビタミンＢ１注１０ｍｇ「イセイ」
620680408	チアミン塩化物塩酸塩注１０ｍｇ「ＮＰ」
620680409	チアミン塩化物塩酸塩注１０ｍｇ「フソー」
620680414	チアミン塩化物塩酸塩注射液１０ｍｇ「日医工」
620680419	チアミン塩化物塩酸塩注１０ｍｇ「日新」
620680420	チアミン塩化物塩酸塩注射液１０ｍｇ「ツルハラ」
620680429	チアミン塩化物塩酸塩注射液１０ｍｇ「ＶＴＲＳ」
643120101	チアミン塩化物塩酸塩注射液　１０ｍｇ
620680505	チアミン塩化物塩酸塩注２０ｍｇ「フソー」
620680515	チアミン塩化物塩酸塩注射液２０ｍｇ「ＶＴＲＳ」
643120102	チアミン塩化物塩酸塩注射液　２０ｍｇ
620680604	チアミン塩化物塩酸塩注射液５０ｍｇ「ツルハラ」
643120103	チアミン塩化物塩酸塩注射液　５０ｍｇ
643120203	メタボリンＧ注射液１０ｍｇ
643120211	メタボリンＧ注射液２０ｍｇ
643120216	メタボリン注射液５０ｍｇ
620680603	チアミン塩化物塩酸塩注５０ｍｇ「フソー」
640454001	アリナミンＦ５注　５ｍｇ
640454002	アリナミンＦ１０注　１０ｍｇ
620683603	フルスルチアミン注１０ｍｇ「トーワ」
643120013	アリナミンＦ２５注　２５ｍｇ１０ｍＬ
620683903	フルスルチアミン静注２５ｍｇ「トーワ」　１０ｍＬ
620684102	フルスルチアミン注５０ｍｇ「日新」　２０ｍＬ
620684302	フルスルチアミン静注５０ｍｇ「トーワ」　２０ｍＬ
622902100	フルスルチアミン塩酸塩５０ｍｇ２０ｍＬ注射液
643120014	アリナミンＦ５０注　５０ｍｇ２０ｍＬ
643120012	アリナミンＦ１００注　１００ｍｇ２０ｍＬ
620004719	バイオゲン静注５０ｍｇ　２０ｍＬ
640463002	アリナミン注射液１０ｍｇ
643130150	フラビタン注５ｍｇ
620693501	ＦＡＤ注１０ｍｇ「わかもと」
643130151	フラビタン注射液１０ｍｇ
620694501	ＦＡＤ注２０ｍｇ「わかもと」
643130152	フラビタン注射液２０ｍｇ
620694801	ＦＡＤ注３０ｍｇ「わかもと」
643130186	リボフラビンリン酸エステルナトリウム注射液　１ｍｇ
643130187	リボフラビンリン酸エステルナトリウム注射液　５ｍｇ
643130315	ホスフラン注－５ｍｇ
620695105	リボフラビン注射液１０ｍｇ「日医工」
643130321	ビタミンＢ２注１％「イセイ」　１０ｍｇ
643130188	リボフラビンリン酸エステルナトリウム注射液　１０ｍｇ
643130318	ビスラーゼ注射液１０ｍｇ
643130323	ホスフラン注－１０ｍｇ
643130189	リボフラビンリン酸エステルナトリウム注射液　２０ｍｇ
643130325	ビスラーゼ注射液２０ｍｇ
643130326	ホスフラン注－２０ｍｇ
643130074	ニコチン酸注射液　２０ｍｇ
643130075	ニコチン酸注射液　５０ｍｇ
643130108	パントシン注５％　１００ｍｇ
620699101	パンテチン注２００ｍｇ「イセイ」
620699301	パンテチン注２００ｍｇ「ＫＣＣ」
643130107	パントシン注１０％　２００ｍｇ
643130103	パントール注射液１００ｍｇ
620699501	パンテノール注１００ｍｇ「ＫＣＣ」
643130104	パントール注射液２５０ｍｇ
620699802	パンテノール注２５０ｍｇ「ＫＣＣ」
643130105	パントール注射液５００ｍｇ
620700102	パンテノール注５００ｍｇ「ＫＣＣ」
620704103	ピリドキシン塩酸塩注射液１０ｍｇ「日医工」
643130197	ピリドキシン塩酸塩注射液　１０ｍｇ
643130333	ビーシックス注「フソー」－１０ｍｇ
643130199	ピリドキシン塩酸塩注射液　３０ｍｇ
643130339	ビーシックス注「フソー」－３０ｍｇ
640433063	ピドキサール注１０ｍｇ
620003787	ピリドキサール注１０ｍｇ「イセイ」
620705402	ピリドキサール注３０ｍｇ「杏林」
640433064	ピドキサール注３０ｍｇ
643130211	葉酸注射液　１５ｍｇ
643130341	フォリアミン注射液　１５ｍｇ
620005225	マスブロン注１ｍｇ
620007483	フレスミンＳ注射液１０００μｇ　１ｍｇ
643130059	シアノコバラミン注射液　１００μｇ
620008367	シアノコバラミン注射液１ｍｇ「ツルハラ」
620711313	シアノコバラミン注射液１ｍｇ「日医工」
620711317	シアノコバラミン注射液１ｍｇ「杏林」
620711309	シアノコバラミン注１０００μｇ「ＮＰ」　１ｍｇ
643130346	シアノコバラミン注射液１，０００μｇ「トーワ」　１ｍｇ
643130061	シアノコバラミン注射液　１ｍｇ
620711401	メコバラミン注５００μｇ「イセイ」　０．５ｍｇ
620711408	メコバラミン注射液５００μｇ「トーワ」　０．５ｍｇ
622757000	メコバラミン０．５ｍｇ注射液
643130224	メチコバール注射液５００μｇ　０．５ｍｇ
620711409	メコバラミン注５００μｇ「ＮＰ」　０．５ｍｇ
621669801	メコバラミン注５００μｇシリンジ「ＮＰ」　１ｍＬ
620009258	アスコルビン酸注射液１００ｍｇ「サワイ」
620712401	アスコルビン酸注１００ｍｇ「イセイ」
620712409	アスコルビン酸注射液１００ｍｇ「トーワ」
620712410	アスコルビン酸注１００ｍｇ「ＮＰ」
620712413	アスコルビン酸注射液１００ｍｇ「ツルハラ」
620712416	アスコルビン酸注射液１００ｍｇ「日医工」
643140002	アスコルビン酸注射液　１００ｍｇ
643140026	ビタミンＣ注「フソー」－１００ｍｇ
643140027	ビタＣ注１０％　１００ｍｇ
643140021	ビタシミン注射液１００ｍｇ
643140003	アスコルビン酸注射液　２００ｍｇ
620009259	アスコルビン酸注射液５００ｍｇ「サワイ」
620712601	アスコルビン酸注５００ｍｇ「イセイ」
620712609	アスコルビン酸注射液５００ｍｇ「トーワ」
620712610	アスコルビン酸注５００ｍｇ「ＮＰ」
620712613	アスコルビン酸注射液５００ｍｇ「ツルハラ」
620712622	アスコルビン酸注射液５００ｍｇ「日医工」
643140004	アスコルビン酸注射液　５００ｍｇ
643140044	ビタミンＣ注「フソー」－５００ｍｇ
643140045	ビタＣ注２５％　５００ｍｇ
643140039	ビタシミン注射液５００ｍｇ
620712706	アスコルビン酸注射液１０００ｍｇ「トーワ」　１ｇ
643140005	アスコルビン酸注射液　１ｇ
620712704	アスコルビン酸注１ｇ「ＮＰ」
620712803	アスコルビン酸注射液２０００ｍｇ「トーワ」　２ｇ
643140006	アスコルビン酸注射液　２ｇ
643140054	ビタミンＣ注「フソー」－２ｇ
621652101	アスコルビン酸注５００ｍｇＰＢ「日新」
643140011	クリストファン注　２０ｍＬ
620717601	ケイツーＮ静注１０ｍｇ
620005166	サブビタン静注　５ｍＬ
643180005	ダイビタミックス注　２ｍＬ
620723302	ジアイナ配合静注液　１０ｍＬ
622902700	チアミンジスルフィド・Ｂ６・Ｂ１２配合１０ｍＬ注射液
643180047	ナイロジン注　１０ｍＬ
643180007	ネオラミン・スリービー液（静注用）　１０ｍＬ
643180017	ビタメジン静注用
643180004	シーパラ注　２ｍＬ
643180039	オーツカＭＶ注　１瓶１管
643180040	マルタミン注射用
640407176	ダイメジン・マルチ注
620006287	ビタジェクト注キット　２筒
620004739	ビオチン注１ｍｇ「フソー」
620005208	フェジン静注４０ｍｇ　２ｍＬ
622676601	フェインジェクト静注５００ｍｇ　１０ｍＬ
622926501	モノヴァー静注５００ｍｇ　５ｍＬ
622926601	モノヴァー静注１０００ｍｇ　１，０００ｍｇ１０ｍＬ
620002577	Ｋ．Ｃ．Ｌ．点滴液１５％　２０ｍＬ
620733601	Ｌ－アスパラギン酸カリウム点滴１０ｍＥｑ日新１７．１２％１０ｍＬ
620002554	アスパラカリウム注１０ｍＥｑ　１７．１２％１０ｍＬ
620733703	Ｌ－アスパラギン酸Ｋ点滴静注液１０ＮＩＧ　１７．１２％１０ｍＬ
620004635	アスパラギン酸カリウム注１０ｍＥｑテルモ　１７．１２％１０ｍＬ
622676501	アセレンド注１００μｇ　２ｍＬ
643910004	アスパラ注射液　１０％１０ｍＬ
621480003	シザナリン配合点滴静注液　２ｍＬ
622757100	塩化マンガン・硫酸亜鉛配合２ｍＬ注射液
640463133	メドレニック注　２ｍＬ
643220007	エレメンミック注　２ｍＬ
640433074	ボルビックス注　２ｍＬ
640463129	ミネラミック注　２ｍＬ
640462027	メドレニック注シリンジ　２ｍＬ
620006212	エレジェクト注シリンジ　２ｍＬ
621702901	ミネリック－５配合点滴静注シリンジ　２ｍＬ
640463127	ボルビサール注　２ｍＬ
620735124	ブドウ糖注射液５％「ＶＴＲＳ」　２０ｍＬ
620735909	ブドウ糖注射液５％「ＶＴＲＳ」　２５０ｍＬ
620736119	ブドウ糖注射液５％「ＶＴＲＳ」　５００ｍＬ
620155647	ブドウ糖注射液２０％「ＶＴＲＳ」　２０ｍＬ
643230018	キシリトール注射液　２０％２０ｍＬ
643250036	ハイ・プレアミン注－１０％　２０ｍＬ
640454043	プロテアミン１２注射液　１２％２００ｍＬ
620007525	モリアミンＳ注　１０％２００ｍＬ
620007526	モリプロンＦ輸液　２００ｍＬ
620007186	アミパレン輸液　２００ｍＬ
620007187	アミパレン輸液　３００ｍＬ
620007188	アミパレン輸液　４００ｍＬ
620007177	アミニック輸液　２００ｍＬ
620006195	アミゼットＢ輸液　２００ｍＬ
620002278	プレアミン－Ｐ注射液　２００ｍＬ
643250033	ハイ・プレアミンＳ注－１０％　２０ｍＬ
620007474	プラスアミノ輸液　２００ｍＬ
620007475	プラスアミノ輸液　５００ｍＬ
620007439	ピーエヌツイン－１号輸液
620007440	ピーエヌツイン－２号輸液
620007441	ピーエヌツイン－３号輸液
620007373	ツインパル輸液　５００ｍＬ
620007374	ツインパル輸液　１Ｌ
620007512	ミキシッドＬ輸液　９００ｍＬ
620007511	ミキシッドＨ輸液　９００ｍＬ
620006301	フルカリック１号輸液　９０３ｍＬ
622210502	フルカリック１号輸液　１３５４．５ｍＬ
620006303	フルカリック２号輸液　１００３ｍＬ
622210602	フルカリック２号輸液　１５０４．５ｍＬ
620006305	フルカリック３号輸液　１１０３ｍＬ
620007404	ネオパレン１号輸液　１０００ｍＬ
620007405	ネオパレン１号輸液　１５００ｍＬ
620007407	ネオパレン２号輸液　１０００ｍＬ
620007408	ネオパレン２号輸液　１５００ｍＬ
620007437	パレセーフ輸液　５００ｍＬ
620007454	ビーフリード輸液　５００ｍＬ
620007455	ビーフリード輸液　１Ｌ
622336401	パレプラス輸液　５００ｍＬ
622336501	パレプラス輸液　１０００ｍＬ
622447001	エルネオパＮＦ１号輸液　１０００ｍＬ
622447201	エルネオパＮＦ１号輸液　１５００ｍＬ
622447401	エルネオパＮＦ１号輸液　２０００ｍＬ
622447101	エルネオパＮＦ２号輸液　１０００ｍＬ
622447301	エルネオパＮＦ２号輸液　１５００ｍＬ
622447501	エルネオパＮＦ２号輸液　２０００ｍＬ
622621301	ワンパル１号輸液　８００ｍＬ
622621401	ワンパル１号輸液　１２００ｍＬ
622621501	ワンパル２号輸液　８００ｍＬ
622621601	ワンパル２号輸液　１２００ｍＬ
622840401	エネフリード輸液　５５０ｍＬ
622840501	エネフリード輸液　１１００ｍＬ
620007167	アデラビン９号注１ｍＬ
620007168	アデラビン９号注２ｍＬ
620005573	メナテトレノンカプセル１５ｍｇ「科研」
620007206	イントラリポス輸液１０％　２５０ｍＬ
620007208	イントラリポス輸液２０％　１００ｍＬ
620007209	イントラリポス輸液２０％　２５０ｍＬ
620007207	イントラリポス輸液２０％　５０ｍＬ
620004744	人全血液－ＬＲ「日赤」
620004745	人全血液－ＬＲ「日赤」
620004679	照射人全血液－ＬＲ「日赤」
620004680	照射人全血液－ＬＲ「日赤」
621609201	濃厚血小板－ＬＲ「日赤」
621609301	濃厚血小板－ＬＲ「日赤」
621609401	濃厚血小板－ＬＲ「日赤」
621609501	濃厚血小板－ＬＲ「日赤」
621609601	濃厚血小板－ＬＲ「日赤」
621609701	濃厚血小板－ＬＲ「日赤」
622191301	合成血液－ＬＲ「日赤」
622191401	合成血液－ＬＲ「日赤」
622191101	解凍赤血球液－ＬＲ「日赤」
622191201	解凍赤血球液－ＬＲ「日赤」
621772801	赤血球液－ＬＲ「日赤」
621772901	赤血球液－ＬＲ「日赤」
621772601	新鮮凍結血漿－ＬＲ「日赤」１２０
621772701	新鮮凍結血漿－ＬＲ「日赤」２４０
622192101	新鮮凍結血漿－ＬＲ「日赤」４８０
622190901	洗浄赤血球液－ＬＲ「日赤」
622191001	洗浄赤血球液－ＬＲ「日赤」
621609801	濃厚血小板ＨＬＡ－ＬＲ「日赤」
621609901	濃厚血小板ＨＬＡ－ＬＲ「日赤」
621610001	濃厚血小板ＨＬＡ－ＬＲ「日赤」
621772001	照射赤血球液－ＬＲ「日赤」
621772101	照射赤血球液－ＬＲ「日赤」
621602201	照射濃厚血小板－ＬＲ「日赤」
621602301	照射濃厚血小板－ＬＲ「日赤」
621602401	照射濃厚血小板－ＬＲ「日赤」
621602501	照射濃厚血小板－ＬＲ「日赤」
621602601	照射濃厚血小板－ＬＲ「日赤」
621602701	照射濃厚血小板－ＬＲ「日赤」
621602801	照射濃厚血小板ＨＬＡ－ＬＲ「日赤」
621602901	照射濃厚血小板ＨＬＡ－ＬＲ「日赤」
621603001	照射濃厚血小板ＨＬＡ－ＬＲ「日赤」
622191701	照射解凍赤血球液－ＬＲ「日赤」
622191801	照射解凍赤血球液－ＬＲ「日赤」
622191901	照射合成血液－ＬＲ「日赤」
622192001	照射合成血液－ＬＲ「日赤」
622191501	照射洗浄赤血球液－ＬＲ「日赤」
622191601	照射洗浄赤血球液－ＬＲ「日赤」
622487001	照射洗浄血小板－ＬＲ「日赤」
622487101	照射洗浄血小板ＨＬＡ－ＬＲ「日赤」
621151301	献血ベニロン－Ｉ静注用５００ｍｇ
621151701	献血ベニロン－Ｉ静注用２５００ｍｇ
621449901	献血ベニロン－Ｉ静注用５０００ｍｇ
621152901	献血グロベニン－Ｉ静注用５００ｍｇ
621153301	献血グロベニン－Ｉ静注用２５００ｍｇ
621450001	献血グロベニン－Ｉ静注用５０００ｍｇ
646340035	抗ＨＢｓ人免疫グロブリン
621153508	抗ＨＢｓ人免疫グロブリン筋注１０００単位／５ｍＬ「ＪＢ」
646340065	抗ＨＢｓ人免疫グロブリン
621153607	抗ＨＢｓ人免疫グロブリン筋注２００単位／１ｍＬ「ＪＢ」
646340492	乾燥濃縮人血液凝固第Ⅷ因子
621153804	コンファクトＦ注射用２５０
622885801	コンファクトＦ静注用２５０単位
621153808	クロスエイトＭＣ静注用２５０単位
646340493	乾燥濃縮人血液凝固第Ⅷ因子
640431015	コンコエイト－ＨＴ
621153904	コンファクトＦ注射用５００
622885901	コンファクトＦ静注用５００単位
621153909	クロスエイトＭＣ静注用５００単位
646340494	乾燥濃縮人血液凝固第Ⅷ因子
646340495	乾燥濃縮人血液凝固第Ⅷ因子
621154003	コンファクトＦ注射用１０００
622886001	コンファクトＦ静注用１０００単位
621154006	クロスエイトＭＣ静注用１０００単位
622454900	乾燥濃縮人血液凝固第Ⅷ因子
622454901	クロスエイトＭＣ静注用２０００単位
622865100	乾燥濃縮人血液凝固第Ⅷ因子
622865101	クロスエイトＭＣ静注用３０００単位
646340510	乾燥抗Ｄ（Ｒｈｏ）人免疫グロブリン
621154101	抗Ｄグロブリン筋注用１０００倍「ニチヤク」
621154105	抗Ｄ人免疫グロブリン筋注用１０００倍「ＪＢ」
646340451	乾燥抗破傷風人免疫グロブリン
621154207	テタノブリン筋注用２５０単位
621154201	破傷風グロブリン筋注用２５０単位「ニチヤク」
646340500	乾燥人血液凝固第９因子複合体　２００国際単位（溶解液付）
621154302	ＰＰＳＢ－ＨＴ静注用２００単位「タケダ」
646340501	乾燥人血液凝固第９因子複合体　４００国際単位（溶解液付）
646340502	乾燥人血液凝固第９因子複合体　５００国際単位（溶解液付）
621154502	ＰＰＳＢ－ＨＴ静注用５００単位「タケダ」
646340503	乾燥人血液凝固第９因子複合体　１，０００国際単位（溶解液付）
621356303	献血アルブミン５％静注５ｇ／１００ｍＬ「ＪＢ」
620009135	アルブミナー５％静注１２．５ｇ／２５０ｍＬ
621755403	献血アルブミン５％静注１２．５ｇ／２５０ｍＬ「ＪＢ」
621755302	献血アルブミン５％静注１２．５ｇ／２５０ｍＬ「タケダ」
621155202	献血アルブミン２０％静注４ｇ／２０ｍＬ「ＪＢ」
621155502	献血アルブミン２０％静注４ｇ／２０ｍＬ「タケダ」
620008814	献血アルブミン２５％静注５ｇ／２０ｍＬ「ベネシス」
620008815	献血アルブミン２５％静注１２．５ｇ／５０ｍＬ「ベネシス」
620009136	アルブミナー２５％静注１２．５ｇ／５０ｍＬ
621450201	赤十字アルブミン２５％静注１２．５ｇ／５０ｍＬ
621156608	献血アルブミン２５％静注１２．５ｇ／５０ｍＬ「ＫＭＢ」
621645902	献血アルブミン２５％静注１２．５ｇ／５０ｍＬ「タケダ」
620009137	アルブミン－ベーリング２０％静注１０．０ｇ／５０ｍＬ
621157302	献血アルブミン２０％静注１０ｇ／５０ｍＬ「ＪＢ」
621155408	献血アルブミン２０％静注１０ｇ／５０ｍＬ「ＫＭＢ」
621157403	献血アルブミン２０％静注１０ｇ／５０ｍＬ「タケダ」
646340028	乾燥人フィブリノゲン
621157504	フィブリノゲンＨＴ静注用１ｇ「ＪＢ」
646340054	人免疫グロブリン
621157601	ガンマグロブリン筋注４５０ｍｇ／３ｍＬ「ニチヤク」
621157602	ガンマグロブリン筋注１５００ｍｇ／１０ｍＬ「ニチヤク」
621157617	グロブリン筋注４５０ｍｇ／３ｍＬ「ＪＢ」
621157604	グロブリン筋注１５００ｍｇ／１０ｍＬ「ＪＢ」
621157607	ガンマグロブリン筋注４５０ｍｇ／３ｍＬ「タケダ」
621157611	ガンマグロブリン筋注１５００ｍｇ／１０ｍＬ「タケダ」
621384901	ファイバ静注用１０００
620007377	テタガムＰ筋注シリンジ２５０
646340456	抗破傷風人免疫グロブリン
646340188	人ハプトグロビン
621158404	ハプトグロビン静注２０００単位「ＪＢ」
622607401	ガンマガード静注用５ｇ
621158701	献血アルブミネート４．４％静注４．４ｇ／１００ｍＬ
621560801	献血アルブミネート４．４％静注１１ｇ／２５０ｍＬ
646340261	乾燥抗ＨＢｓ人免疫グロブリン
621159004	ヘブスブリン筋注用２００単位
621159001	乾燥ＨＢグロブリン筋注用２００単位「ニチヤク」
646340262	乾燥抗ＨＢｓ人免疫グロブリン
621159104	ヘブスブリン筋注用１０００単位
621159101	乾燥ＨＢグロブリン筋注用１０００単位「ニチヤク」
646340491	乾燥濃縮人アンチトロンビンⅢ
620001350	献血ノンスロン５００注射用
621159207	ノイアート静注用５００単位
640453060	乾燥濃縮人アンチトロンビンⅢ
620001351	献血ノンスロン１５００注射用
620003071	ノイアート静注用１５００単位
620009201	ベリナートＰ静注用５００
622926301	ベリナート皮下注用２０００
621758002	献血ポリグロビンＮ５％静注０．５ｇ／１０ｍＬ
621758102	献血ポリグロビンＮ５％静注２．５ｇ／５０ｍＬ
621758202	献血ポリグロビンＮ５％静注５ｇ／１００ｍＬ
622192202	献血ポリグロビンＮ１０％静注５ｇ／５０ｍＬ
622192302	献血ポリグロビンＮ１０％静注１０ｇ／１００ｍＬ
622523501	献血ポリグロビンＮ１０％静注２．５ｇ／２５ｍＬ
622821601	ピリヴィジェン１０％静注２．５ｇ／２５ｍＬ
622683602	ピリヴィジェン１０％静注５ｇ／５０ｍＬ
622683702	ピリヴィジェン１０％静注１０ｇ／１００ｍＬ
622683802	ピリヴィジェン１０％静注２０ｇ／２００ｍＬ
621159901	献血ヴェノグロブリンＩＨ５％静注０．５ｇ／１０ｍＬ
621160201	献血ヴェノグロブリンＩＨ５％静注２．５ｇ／５０ｍＬ
622961500	ポリエチレングリコール処理人免疫グロブリン２．５ｇ５０ｍＬ注射液
621160501	献血ヴェノグロブリンＩＨ５％静注１ｇ／２０ｍＬ
622961600	ポリエチレングリコール処理人免疫グロブリン１ｇ２０ｍＬ注射液
621490001	献血ヴェノグロブリンＩＨ５％静注５ｇ／１００ｍＬ
622235601	献血ヴェノグロブリンＩＨ５％静注１０ｇ／２００ｍＬ
622534401	献血ヴェノグロブリンＩＨ１０％静注０．５ｇ／５ｍＬ
622534501	献血ヴェノグロブリンＩＨ１０％静注２．５ｇ／２５ｍＬ
622534601	献血ヴェノグロブリンＩＨ１０％静注５ｇ／５０ｍＬ
622534701	献血ヴェノグロブリンＩＨ１０％静注１０ｇ／１００ｍＬ
622534801	献血ヴェノグロブリンＩＨ１０％静注２０ｇ／２００ｍＬ
646340497	乾燥濃縮人血液凝固第Ⅸ因子
620009263	クリスマシンＭ静注用４００単位
622408201	ノバクトＭ静注用５００単位
646340499	乾燥濃縮人血液凝固第Ⅸ因子
620009264	クリスマシンＭ静注用１０００単位
622408301	ノバクトＭ静注用１０００単位
622034100	乾燥濃縮人血液凝固第Ⅸ因子
622034200	乾燥濃縮人血液凝固第Ⅸ因子
622408401	ノバクトＭ静注用２０００単位
620009198	フィブロガミンＰ静注用
629903301	アドベイト静注用キット２５０
629903401	アドベイト静注用キット５００
629903501	アドベイト静注用キット１０００
629903601	アドベイト静注用キット１５００
629903701	アドベイト静注用キット２０００
629903801	アドベイト静注用キット３０００
640412173	ポリエチレングリコール処理抗破傷風人免疫グロブリン
621161703	テタノブリンＩＨ静注２５０単位
640412174	ポリエチレングリコール処理抗破傷風人免疫グロブリン
621161803	テタノブリンＩＨ静注１５００単位
622366301	ノボセブンＨＩ静注用１ｍｇ　シリンジ
622366401	ノボセブンＨＩ静注用２ｍｇ　シリンジ
622366501	ノボセブンＨＩ静注用５ｍｇ　シリンジ
640443038	注射用アナクトＣ２，５００単位
640453163	ポリエチレングリコール処理抗ＨＢｓ人免疫グロブリン
621450602	ヘブスブリンＩＨ静注１０００単位
621971601	ベネフィクス静注用５００
621971701	ベネフィクス静注用１０００
621971801	ベネフィクス静注用２０００
622273601	ベネフィクス静注用３０００
622288001	ハイゼントラ２０％皮下注１ｇ／５ｍＬ
622288101	ハイゼントラ２０％皮下注２ｇ／１０ｍＬ
622288201	ハイゼントラ２０％皮下注４ｇ／２０ｍＬ
622955401	ハイゼントラ２０％皮下注１ｇ／５ｍＬシリンジ
622955501	ハイゼントラ２０％皮下注２ｇ／１０ｍＬシリンジ
622955601	ハイゼントラ２０％皮下注４ｇ／２０ｍＬシリンジ
622950901	キュービトル２０％皮下注２ｇ／１０ｍＬ
622951001	キュービトル２０％皮下注４ｇ／２０ｍＬ
622951101	キュービトル２０％皮下注８ｇ／４０ｍＬ
622333001	ノボエイト静注用２５０
622333101	ノボエイト静注用５００
622333201	ノボエイト静注用１０００
622333301	ノボエイト静注用１５００
622333401	ノボエイト静注用２０００
622333501	ノボエイト静注用３０００
622364101	オルプロリクス静注用５００
622364201	オルプロリクス静注用１０００
622364301	オルプロリクス静注用２０００
622364401	オルプロリクス静注用３０００
622426501	オルプロリクス静注用２５０
622608701	オルプロリクス静注用４０００
622402801	イロクテイト静注用２５０
622402901	イロクテイト静注用５００
622403001	イロクテイト静注用７５０
622403101	イロクテイト静注用１０００
622403201	イロクテイト静注用１５００
622403301	イロクテイト静注用２０００
622403401	イロクテイト静注用３０００
622682501	イロクテイト静注用４０００
622424901	ノボサーティーン静注用２５００
622442001	アコアラン静注用６００
622583901	アコアラン静注用１８００
622623201	アディノベイト静注用キット２５０
622623501	アディノベイト静注用キット５００
622623601	アディノベイト静注用キット１０００
622623701	アディノベイト静注用キット２０００
622646001	アディノベイト静注用キット１５００
622646101	アディノベイト静注用キット３０００
622489301	コバールトリイ静注用２５０
622489401	コバールトリイ静注用５００
622489501	コバールトリイ静注用１０００
622489601	コバールトリイ静注用２０００
622489701	コバールトリイ静注用３０００
622526101	イデルビオン静注用２５０
622526201	イデルビオン静注用５００
622526301	イデルビオン静注用１０００
622526401	イデルビオン静注用２０００
629900101	イデルビオン静注用３５００
622595901	エイフスチラ静注用２５０
622596001	エイフスチラ静注用５００
622596101	エイフスチラ静注用１０００
622596201	エイフスチラ静注用１５００
622596301	エイフスチラ静注用２０００
622596401	エイフスチラ静注用２５００
622596501	エイフスチラ静注用３０００
622608201	ヘムライブラ皮下注３０ｍｇ
622608301	ヘムライブラ皮下注６０ｍｇ
622608401	ヘムライブラ皮下注９０ｍｇ
622608501	ヘムライブラ皮下注１０５ｍｇ
622608601	ヘムライブラ皮下注１５０ｍｇ
622647001	レフィキシア静注用５００
622647101	レフィキシア静注用１０００
622647201	レフィキシア静注用２０００
622658001	ジビイ静注用５００
622658101	ジビイ静注用１０００
622658201	ジビイ静注用２０００
622658301	ジビイ静注用３０００
629905101	イスパロクト静注用５００
629905201	イスパロクト静注用１０００
629905301	イスパロクト静注用１５００
629905401	イスパロクト静注用２０００
629905501	イスパロクト静注用３０００
629908001	ボンベンディ静注用１３００
622842901	リンスパッド点滴静注用1000mg
629912801	ヌーイック静注用２５０
629912901	ヌーイック静注用５００
629913001	ヌーイック静注用１０００
629913101	ヌーイック静注用２０００
629913201	ヌーイック静注用２５００
629913301	ヌーイック静注用３０００
629913401	ヌーイック静注用４０００
622367201	バイクロット配合静注用
622250701	ノーモサング点滴静注２５０ｍｇ
629926801	アレモ皮下注15mg
629926901	アレモ皮下注60mg
629927001	アレモ皮下注150mg
629925701	オルツビーオ静注用500
629925801	オルツビーオ静注用1000
629925601	オルツビーオ静注用250
629925901	オルツビーオ静注用2000
629926001	オルツビーオ静注用3000
629926101	オルツビーオ静注用4000
629929701	オビザー静注用５００　５００単位（溶解液付）
620009152	サンドスタチン皮下注用５０μｇ
622830401	オクトレオチド皮下注５０μｇ「ＳＵＮ」
622504701	オクトレオチド皮下注５０μｇ「あすか」
622522901	オクトレオチド酢酸塩皮下注５０μｇ「サンド」
620009153	サンドスタチン皮下注用１００μｇ
622830501	オクトレオチド皮下注１００μｇ「ＳＵＮ」
622504801	オクトレオチド皮下注１００μｇ「あすか」
622523001	オクトレオチド酢酸塩皮下注１００μｇ「サンド」
622352101	サンドスタチンＬＡＲ筋注用キット１０ｍｇ
622352201	サンドスタチンＬＡＲ筋注用キット２０ｍｇ
622352301	サンドスタチンＬＡＲ筋注用キット３０ｍｇ
620008225	パミドロン酸二Ｎａ点滴静注用１５ｍｇ「サワイ」
620008226	パミドロン酸二Ｎａ点滴静注用３０ｍｇ「サワイ」
644210058	注射用イホマイド１ｇ
620009116	ブスルフェクス点滴静注用６０ｍｇ
644210065	注射用サイメリン５０ｍｇ
644210066	注射用サイメリン１００ｍｇ
640451006	アルケラン静注用５０ｍｇ
621982101	テモダール点滴静注用１００ｍｇ
620007515	メソトレキセート点滴静注液２００ｍｇ
622221301	メソトレキセート点滴静注液１０００ｍｇ
644210049	注射用メソトレキセート５ｍｇ
644210048	注射用メソトレキセート５０ｍｇ
620003714	キロサイド注２０ｍｇ
620003715	キロサイド注４０ｍｇ
620003716	キロサイド注６０ｍｇ
620003717	キロサイド注１００ｍｇ
620003718	キロサイド注２００ｍｇ
620003713	キロサイドＮ注４００ｍｇ
621972001	キロサイドＮ注１ｇ
622283003	シタラビン点滴静注液１ｇ「ＮＩＧ」
622282903	シタラビン点滴静注液４００ｍｇ「ＮＩＧ」
620914301	サンラビン点滴静注用１５０ｍｇ
620914401	サンラビン点滴静注用２００ｍｇ
620914501	サンラビン点滴静注用２５０ｍｇ
620002600	フルダラ静注用５０ｍｇ
620005897	アラノンジー静注用２５０ｍｇ
622250601	エボルトラ点滴静注２０ｍｇ
620007299	コスメゲン静注用０．５ｍｇ
620005148	アクラシノン注射用２０ｍｇ
620005176	ダウノマイシン静注用２０ｍｇ
620003762	テラルビシン注射用１０ｍｇ
620005206	ピノルビン注射用１０ｍｇ
620003763	テラルビシン注射用２０ｍｇ
620005207	ピノルビン注射用２０ｍｇ
622513101	ピノルビン注射用３０ｍｇ
620008800	イダマイシン静注用５ｍｇ
640462038	カルセド注射用２０ｍｇ
640462039	カルセド注射用５０ｍｇ
620007499	マイロターグ点滴静注用５ｍｇ
640454006	オンコビン注射用１ｍｇ
644210059	注射用フィルデシン１ｍｇ
644210060	注射用フィルデシン３ｍｇ
620004777	ラステット注１００ｍｇ／５ｍＬ
620004760	ベプシド注１００ｍｇ
620008173	エトポシド点滴静注液１００ｍｇ「サンド」　５ｍＬ
622101701	エトポシド点滴静注１００ｍｇ「タイヨー」
622220501	エトポシド点滴静注液１００ｍｇ「ＳＮ」
622101703	エトポシド点滴静注１００ｍｇ「ＮＩＧ」
622903600	エトポシド１００ｍｇ５ｍＬ注射液
620005197	ハイカムチン注射用１．１ｍｇ
620003247	ロイナーゼ注用５０００
620003248	ロイナーゼ注用１００００
620004129	シスプラチン注１０ｍｇ「日医工」
620008946	ランダ注１０ｍｇ／２０ｍＬ
620923301	シスプラチン点滴静注１０ｍｇ「マルコ」
622760800	シスプラチン１０ｍｇ２０ｍＬ注射液
620004130	シスプラチン注２５ｍｇ「日医工」
620008947	ランダ注２５ｍｇ／５０ｍＬ
620923701	シスプラチン点滴静注２５ｍｇ「マルコ」
622760900	シスプラチン２５ｍｇ５０ｍＬ注射液
620004131	シスプラチン注５０ｍｇ「日医工」
622761000	シスプラチン５０ｍｇ１００ｍＬ注射液
620008948	ランダ注５０ｍｇ／１００ｍＬ
620924101	シスプラチン点滴静注５０ｍｇ「マルコ」
620001919	動注用アイエーコール１００ｍｇ
620002591	動注用アイエーコール５０ｍｇ
640454032	ノバントロン注２０ｍｇ
644290005	ノバントロン注１０ｍｇ
640407072	アクプラ静注用１０ｍｇ
640407073	アクプラ静注用５０ｍｇ
640407074	アクプラ静注用１００ｍｇ
640462007	ロイスタチン注８ｍｇ
620002417	トリセノックス注１０ｍｇ
622919701	トリセノックス点滴静注１２ｍｇ
620006806	ゼヴァリン　イットリウム（９０Ｙ）静注用セット
621954001	ミリプラ動注用７０ｍｇ
622149401	ポテリジオ点滴静注２０ｍｇ
629912501	ポライビー点滴静注用３０ｍｇ
629912601	ポライビー点滴静注用１４０ｍｇ
629914701	レミトロ点滴静注用３００μｇ
629917001	パドセブ点滴静注用３０ｍｇ
629923301	パドセブ点滴静注用２０ｍｇ
622388101	マブキャンパス点滴静注３０ｍｇ
629917301	ヤーボイ点滴静注液２０ｍｇ
622449301	ヨンデリス点滴静注用０．２５ｍｇ
622449401	ヨンデリス点滴静注用１ｍｇ
620004742	ピシバニール注射用１ＫＥ
620004743	ピシバニール注射用５ＫＥ
622929301	ピシバニール注射用１ＫＥ
622929401	ピシバニール注射用５ＫＥ
620001918	注射用レザフィリン１００ｍｇ
622797601	ステボロニン点滴静注バッグ９０００ｍｇ／３００ｍＬ
622622401	ベスポンサ点滴静注用１ｍｇ
622654901	ビーリンサイト点滴静注用３５μｇ
629911001	アキャルックス点滴静注２５０ｍｇ
629916001	ユニツキシン点滴静注１７．５ｍｇ／５ｍＬ
622870001	ルタテラ静注
622875201	ライアットＭＩＢＧ－Ｉ１３１静注
622930501	アーウィナーゼ筋注用10000
629922501	イジュド点滴静注25mg
629922601	イジュド点滴静注300mg
629922701	リブタヨ点滴静注350mg
629923701	ベスレミ皮下注２５０μｇシリンジ
629923801	ベスレミ皮下注５００μｇシリンジ
640453024	イムノマックス－γ注５０
646390065	イムネース注３５
648110008	アヘンアルカロイド塩酸塩注射液
620009272	パンオピン皮下注２０ｍｇ
648110009	モルヒネ塩酸塩注射液
620003067	アンペック注１０ｍｇ
620009277	モルヒネ塩酸塩注射液１０ｍｇ「シオノギ」
628504000	モルヒネ塩酸塩注射液１０ｍｇ「第一三共」
628504304	モルヒネ塩酸塩注射液１０ｍｇ「タケダ」
640407022	モルヒネ塩酸塩注射液
620003068	アンペック注５０ｍｇ
620009278	モルヒネ塩酸塩注射液５０ｍｇ「シオノギ」
628504500	モルヒネ塩酸塩注射液５０ｍｇ「第一三共」
628504804	モルヒネ塩酸塩注射液５０ｍｇ「タケダ」
640453051	モルヒネ塩酸塩注射液
621454706	モルヒネ塩酸塩注１００ｍｇシリンジ「テルモ」
620001373	アンペック注２００ｍｇ
620009279	モルヒネ塩酸塩注射液２００ｍｇ「第一三共」
628505102	モルヒネ塩酸塩注射液２００ｍｇ「シオノギ」
628505304	モルヒネ塩酸塩注射液２００ｍｇ「タケダ」
628513501	モルヒネ塩酸塩注射液２００ｍｇ「テルモ」
622135601	オキファスト注１０ｍｇ
622685701	オキシコドン注射液１０ｍｇ「第一三共」
622135701	オキファスト注５０ｍｇ
622685801	オキシコドン注射液５０ｍｇ「第一三共」
622625401	ナルベイン注２ｍｇ
622625501	ナルベイン注２０ｍｇ
648110014	複方オキシコドン注射液
648110001	アヘンアルカロイド・アトロピン注射液
648110002	アヘンアルカロイド・スコポラミン注射液
648110010	弱アヘンアルカロイド・スコポラミン注射液
648110012	複方オキシコドン・アトロピン注射液
648110006	モルヒネ・アトロピン注射液
648210005	ペチジン塩酸塩注射液
628512804	ペチジン塩酸塩注射液３５ｍｇ「タケダ」
648210006	ペチジン塩酸塩注射液
628513304	ペチジン塩酸塩注射液５０ｍｇ「タケダ」
621208101	フェンタニル注射液０．１ｍｇ「第一三共」
621899203	フェンタニル注射液０．１ｍｇ「テルモ」
621627101	フェンタニル注射液０．２５ｍｇ「第一三共」
621899303	フェンタニル注射液０．２５ｍｇ「テルモ」
621899403	フェンタニル注射液０．５ｍｇ「テルモ」
622905700	フェンタニルクエン酸塩０．００５％２ｍＬ注射液
622905800	フェンタニルクエン酸塩０．００５％５ｍＬ注射液
622905900	フェンタニルクエン酸塩０．００５％１０ｍＬ注射液
620004422	アルチバ静注用２ｍｇ
622486801	レミフェンタニル静注用２ｍｇ「第一三共」
620004423	アルチバ静注用５ｍｇ
622486901	レミフェンタニル静注用５ｍｇ「第一三共」
648210004	ペチロルファン注射液
648210007	弱ペチロルファン注射液
621208403	ペチロルファン配合注ＨＤ
621208503	ペチロルファン配合注ＬＤ
620007335	ソル・コーテフ注射用１００ｍｇ
620518606	ヒドロコルチゾンコハク酸エステルＮａ注射用１００ｍｇ「ＮＩＧ」
620007332	ソル・コーテフ静注用２５０ｍｇ
620518906	ヒドロコルチゾンコハク酸エステルＮａ注射用３００ｍｇ「ＮＩＧ」
620007333	ソル・コーテフ静注用５００ｍｇ
620519006	ヒドロコルチゾンコハク酸エステルＮａ静注用５００ｍｇ「ＮＩＧ」
620519205	ヒドロコルチゾンコハク酸エステルＮａ静注用１０００ｍｇ「武田テバ」
620004661	ケナコルト－Ａ皮内用関節腔内用水懸注５０ｍｇ／５ｍＬ
620004660	ケナコルト－Ａ筋注用関節腔内用水懸注４０ｍｇ／１ｍＬ
620002613	リンデロン注２ｍｇ（０．４％）
620003829	リノロサール注射液２ｍｇ（０．４％）
620002614	リンデロン注４ｍｇ（０．４％）
620003830	リノロサール注射液４ｍｇ（０．４％）
620002615	リンデロン注２０ｍｇ（０．４％）
620003831	リノロサール注射液２０ｍｇ（０．４％）
620002616	リンデロン注２０ｍｇ（２％）
620002617	リンデロン注１００ｍｇ（２％）
620525001	デカドロン注射液１．６５ｍｇ
620525101	デキサート注射液１．６５ｍｇ
620525201	オルガドロン注射液１．９ｍｇ
620525301	デカドロン注射液３．３ｍｇ
620525401	デキサート注射液３．３ｍｇ
620525801	オルガドロン注射液３．８ｍｇ
620525601	デカドロン注射液６．６ｍｇ
620525701	デキサート注射液６．６ｍｇ
620525901	オルガドロン注射液１９ｍｇ
620003832	リメタゾン静注２．５ｍｇ
642450087	リンデロン懸濁注
620007356	ソル・メドロール静注用４０ｍｇ
620007357	ソル・メドロール静注用１２５ｍｇ
620007358	ソル・メドロール静注用５００ｍｇ
620007359	ソル・メドロール静注用１０００ｍｇ
620007381	デポ・メドロール水懸注２０ｍｇ
620007382	デポ・メドロール水懸注４０ｍｇ
642450115	注射用プレドニゾロンコハク酸エステルナトリウム
642450169	水溶性プレドニン１０ｍｇ
642450116	注射用プレドニゾロンコハク酸エステルナトリウム
642450170	水溶性プレドニン２０ｍｇ
642450117	注射用プレドニゾロンコハク酸エステルナトリウム
642450171	水溶性プレドニン５０ｍｇ
620894001	サンディミュン点滴静注用２５０ｍｇ
643990141	プログラフ注射液５ｍｇ
622047401	プログラフ注射液２ｍｇ
620008850	スパニジン点滴静注用１００ｍｇ
620008829	シムレクト静注用２０ｍｇ
620008445	シムレクト小児用静注用１０ｍｇ
620009011	ステロネマ注腸３ｍｇ
620009010	ステロネマ注腸１．５ｍｇ
622944201	アトガム点滴静注液250mg
629919601	ウィフガート点滴静注４００ｍｇ
629924801	リスティーゴ皮下注２８０ｍｇ
629927801	ヒフデュラ配合皮下注　５．６ｍＬ
622949301	ジルビスク皮下注１６．６ｍｇシリンジ
622949401	ジルビスク皮下注２３．０ｍｇシリンジ
622949501	ジルビスク皮下注３２．４ｍｇシリンジ
620008805	エホチール注１０ｍｇ
640461008	ドパミン塩酸塩１００ｍｇ５ｍＬ注射液
620002175	イノバン注１００ｍｇ
620244718	ドパミン塩酸塩点滴静注１００ｍｇ「ＮＰ」
620244701	ドパミン塩酸塩点滴静注１００ｍｇ「イセイ」
620244707	ドパミン塩酸塩点滴静注１００ｍｇ「ＫＣＣ」
620244702	ドパミン塩酸塩点滴静注１００ｍｇ「ツルハラ」
620002174	イノバン注５０ｍｇ
622933500	ドパミン塩酸塩２００ｍｇ１０ｍＬ注射液
620245102	ツルドパミ点滴静注２００ｍｇ
620003194	イノバン注０．１％シリンジ
620003195	イノバン注０．３％シリンジ
620004105	イノバン注０．６％シリンジ
621644502	ドパミン塩酸塩点滴静注液２００ｍｇキット「ＫＣＣ」
620246106	ドパミン塩酸塩点滴静注液２００ｍｇキット「ＶＴＲＳ」
621644602	ドパミン塩酸塩点滴静注液６００ｍｇキット「ＫＣＣ」
620246405	ドパミン塩酸塩点滴静注液６００ｍｇキット「ＶＴＲＳ」
620244734	ドパミン塩酸塩点滴静注液１００ｍｇ「ＮＩＧ」
620244736	ドパミン塩酸塩点滴静注液１００ｍｇ「ＶＴＲＳ」
621399014	ドパミン塩酸塩点滴静注液５０ｍｇ「ＮＩＧ」
622060503	ドパミン塩酸塩点滴静注液２００ｍｇ「ＮＩＧ」
620246306	ドパミン塩酸塩点滴静注液２００ｍｇバッグ「ＮＩＧ」
620246606	ドパミン塩酸塩点滴静注液６００ｍｇバッグ「ＮＩＧ」
642110084	ドブトレックス注射液１００ｍｇ
620005187	ドブタミン点滴静注１００ｍｇ「アイロム」
622749700	ドブタミン塩酸塩１００ｍｇ注射液
621365314	ドブタミン塩酸塩点滴静注液１００ｍｇ「サワイ」
621365306	ドブタミン点滴静注１００ｍｇ「ＡＦＰ」
621365316	ドブタミン点滴静注液１００ｍｇ「Ｆ」
621365323	ドブタミン点滴静注液１００ｍｇ「ＶＴＲＳ」
620247905	ドブタミン点滴静注液２００ｍｇキット「ＶＴＲＳ」
620248005	ドブタミン点滴静注液６００ｍｇキット「ＶＴＲＳ」
622749900	ドブタミン塩酸塩０．３％２００ｍＬキット
620005188	ドブトレックスキット点滴静注用２００ｍｇ
620005189	ドブトレックスキット点滴静注用６００ｍｇ
621512001	ドブタミン持続静注５０ｍｇシリンジ「ＫＫＣ」
621512101	ドブタミン持続静注１５０ｍｇシリンジ「ＫＫＣ」
621757901	ドブタミン持続静注３００ｍｇシリンジ「ＫＫＣ」
620002593	ネオシネジンコーワ注１ｍｇ
620002594	ネオシネジンコーワ注５ｍｇ
642450005	アドレナリン注射液
620517902	ボスミン注１ｍｇ
642450071	ノルアドレナリン注射液
620008384	ノルアドリナリン注１ｍｇ
621371901	アドレナリン注０．１％シリンジ「テルモ」
628704702	エピペン注射液０．１５ｍｇ
628704802	エピペン注射液０．３ｍｇ
641210020	リドカイン注射液
641210093	キシロカイン注射液０．５％
641210094	リドカイン注「ＮＭ」０．５％
641210021	リドカイン注射液
641210096	キシロカイン０．５％筋注用溶解液
641210022	リドカイン注射液
641210099	キシロカイン注射液１％
641210100	リドカイン注「ＮＭ」１％
641210023	リドカイン注射液
641210102	キシロカイン注射液２％
641210103	リドカイン注「ＮＭ」２％
641210024	リドカイン注射液
641210105	静注用キシロカイン２％
620166503	リドカイン静注液２％「タカタ」
641210025	リドカイン注射液
621670602	リドカイン点滴静注液１％「タカタ」
642120014	プロカインアミド塩酸塩注射液
620008355	アミサリン注１００ｍｇ
642120015	プロカインアミド塩酸塩注射液
620008356	アミサリン注２００ｍｇ
642120006	インデラル注射液２ｍｇ
621494801	オノアクト点滴静注用５０ｍｇ
622953001	ランジオロール塩酸塩点滴静注用５０ｍｇ「Ｆ」
622953101	ランジオロール塩酸塩点滴静注用１５０ｍｇ「Ｆ」
622094701	コアベータ静注用１２．５ｍｇ
622422801	オノアクト点滴静注用１５０ｍｇ
640462042	ブレビブロック注１００ｍｇ
620004782	リスモダンＰ静注５０ｍｇ
620005243	ワソラン静注５ｍｇ
620009200	ベラパミル塩酸塩静注５ｍｇ「タイヨー」
621555003	ベラパミル塩酸塩静注５ｍｇ「ＮＩＧ」
622750600	ベラパミル塩酸塩０．２５％２ｍＬ注射液
620008940	メキシチール点滴静注１２５ｍｇ
620262301	シベノール静注７０ｍｇ
620007361	タンボコール静注５０ｍｇ
620002584	シンビット静注用５０ｍｇ
640443003	サンリズム注射液５０
620002610	リドカイン静注用２％シリンジ「テルモ」
620004876	アンカロン注１５０
622609302	アミオダロン塩酸塩静注１５０ｍｇ「ＴＥ」
620332902	ジルチアゼム塩酸塩静注用１０ｍｇ「日医工」
620333102	ジルチアゼム塩酸塩静注用５０ｍｇ「日医工」
640407031	ヘルベッサー注射用２５０
620333401	ジルチアゼム塩酸塩注射用２５０ｍｇ「サワイ」
621403902	ジルチアゼム塩酸塩静注用２５０ｍｇ「日医工」
622752600	ジルチアゼム塩酸塩２５０ｍｇ注射用
621958501	ヘルベッサー注射用１０
620333501	ジルチアゼム塩酸塩注射用１０ｍｇ「サワイ」
622752700	ジルチアゼム塩酸塩１０ｍｇ注射用
621958601	ヘルベッサー注射用５０
620333601	ジルチアゼム塩酸塩注射用５０ｍｇ「サワイ」
622752800	ジルチアゼム塩酸塩５０ｍｇ注射用
621406001	アルガトロバン注射液１０ｍｇ「サワイ」
621267001	アルガトロバン注射液１０ｍｇ「日医工」
622753900	アルガトロバン１０ｍｇ２０ｍＬ注射液
621405904	アルガトロバン注射液１０ｍｇ「ＳＮ」
622944501	アルガトロバンＨＩ注１０ｍｇ／２ｍＬ「フソー」
620002948	スロンノンＨＩ注１０ｍｇ／２ｍＬ
620002974	ノバスタンＨＩ注１０ｍｇ／２ｍＬ
620003192	アルガトロバン注シリンジ１０ｍｇ「ＮＰ」
620002252	チトラミン液「フソー」－４％
620812203	ヘパリンＣａ皮下注２万単位／０．８ｍＬ「サワイ」
621824702	ヘパリンカルシウム注１万単位／１０ｍＬ「ＡＹ」
621824802	ヘパリンＣａ注射液２万単位／２０ｍＬ「サワイ」
621825002	ヘパリンカルシウム注５万単位／５０ｍＬ「ＡＹ」
621824902	ヘパリンＣａ注射液５万単位／５０ｍＬ「サワイ」
621825102	ヘパリンＣａ注射液１０万単位／１００ｍＬ「サワイ」
622458001	ヘパリンＣａ皮下注１万単位／０．４ｍＬ「サワイ」
621933401	ヘパリンカルシウム皮下注５千単位／０．２ｍＬシリンジ「モチダ」
643330011	ヘパリンナトリウム注射液
620812504	ヘパリンナトリウム注Ｎ５千単位／５ｍＬ「ＡＹ」
620006725	ヘパリンナトリウム注射液
621825302	ヘパリンＮａ注５千単位／５ｍＬ「モチダ」
620006728	ヘパリンナトリウム注射液
621825802	ヘパリンナトリウム注１万単位／１０ｍＬ「ＡＹ」
621825602	ヘパリンナトリウム注Ｎ１万単位／１０ｍＬ「ＡＹ」
621825704	ヘパリンナトリウム注１万単位／１０ｍＬ「ニプロ」
621825502	ヘパリンＮａ注１万単位／１０ｍＬ「モチダ」
620006734	ヘパリンナトリウム注射液
621826102	ヘパリンナトリウム注５万単位／５０ｍＬ「ＡＹ」
621826004	ヘパリンナトリウム注５万単位／５０ｍＬ「ニプロ」
620006739	ヘパリンナトリウム注射液
621826402	ヘパリンナトリウム注１０万単位／１００ｍＬ「ＡＹ」
620006312	ヘパリンＮａ透析用２５０単位／ｍＬ「フソー」２０ｍＬ　５千Ｕ
621832801	ヘパリンＮａ透析用２５０Ｕ／ｍＬ「ＮＳ」２０ｍＬ　５千Ｕ
621701902	ダルテパリンＮａ静注５０００単位／５ｍＬ「日新」
621699702	ダルテパリンＮａ静注５０００単位／５ｍＬ「ＫＣＣ」
622757800	ダルテパリンナトリウム５，０００低分子ヘパリン国際単位注射液
621757301	ダルテパリンＮａ静注５千単位／５ｍＬ「ＨＫ」
621673901	ダルテパリンＮａ静注５０００単位／５ｍＬ「日医工」
622757900	ダルテパリンナトリウム５，０００低分子ヘパリン国際単位注射液
620812701	フラグミン静注５０００単位／５ｍＬ
621702702	ダルテパリンＮａ静注５０００単位／５ｍＬ「サワイ」
621673102	ダルテパリンＮａ静注５０００単位／５ｍＬ「ＡＦＰ」
620007360	ダルテパリンＮａ静注５千単位／５ｍＬシリンジ「ＨＫ」
621994801	ダルテパリンＮａ静注２５００単位／１０ｍＬシリンジ「ニプロ」
621994901	ダルテパリンＮａ静注３０００単位／１２ｍＬシリンジ「ニプロ」
621995001	ダルテパリンＮａ静注４０００単位／１６ｍＬシリンジ「ニプロ」
621995101	ダルテパリンＮａ静注５０００単位／２０ｍＬシリンジ「ニプロ」
620006789	リコモジュリン点滴静注用１２８００
621373901	オルガラン静注１２５０単位
620006203	ウロナーゼ静注用６万単位
620006202	ウロナーゼ冠動注用１２万単位
620006267	デフィブラーゼ点滴静注液１０単位
643950056	アクチバシン注６００万
643950059	グルトパ注６００万
643950057	アクチバシン注１２００万
643950060	グルトパ注１２００万
643950058	アクチバシン注２４００万
643950061	グルトパ注２４００万
620007270	クリアクター静注用４０万
620007271	クリアクター静注用８０万
621645001	オザグレルＮａ静注液２０ｍｇ「日医工」
621536405	オザグレルＮａ点滴静注２０ｍｇ「ＦＹ」
621645201	オザグレルＮａ静注液８０ｍｇ「日医工」
621536201	オザグレルＮａ点滴静注液２０ｍｇ「ケミファ」
621536902	オザグレルＮａ点滴静注２０ｍｇ「ＩＰ」
622759200	オザグレルナトリウム２０ｍｇ１ｍＬ注射液
621696901	オザグレルＮａ点滴静注液２０ｍｇ「トーワ」
620002915	オザグレルナトリウム点滴静注液８０ｍｇ「ＪＤ」
621754402	オザグレルＮａ点滴静注液８０ｍｇ「ケミファ」
621537002	オザグレルＮａ点滴静注８０ｍｇ「ＩＰ」
621697101	オザグレルＮａ点滴静注液８０ｍｇ「トーワ」
620002914	オザグレルナトリウム点滴静注液４０ｍｇ「ＪＤ」
621536301	オザグレルＮａ点滴静注液４０ｍｇ「ケミファ」
621645402	オザグレルＮａ点滴静注４０ｍｇ「ＩＰ」
621697001	オザグレルＮａ点滴静注液４０ｍｇ「トーワ」
622694000	オザグレルナトリウム４０ｍｇ２ｍＬ注射液
621536505	オザグレルＮａ点滴静注４０ｍｇ「ＦＹ」
621536605	オザグレルＮａ点滴静注８０ｍｇ「ＦＹ」
621645101	オザグレルＮａ静注液４０ｍｇ「日医工」
622759500	オザグレルナトリウム４０ｍｇ４ｍＬ注射液
640463085	注射用カタクロット２０ｍｇ
621484101	オザグレルＮａ注射用２０ｍｇ「ＳＷ」
621484201	オザグレルＮａ静注用２０ｍｇ「日医工」
622759600	オザグレルナトリウム２０ｍｇ注射用
640463086	注射用カタクロット４０ｍｇ
621484501	オザグレルＮａ注射用４０ｍｇ「ＳＷ」
622759700	オザグレルナトリウム４０ｍｇ注射用
621519104	オザグレルＮａ点滴静注２０ｍｇシリンジ「武田テバ」
621519204	オザグレルＮａ点滴静注４０ｍｇシリンジ「武田テバ」
621519304	オザグレルＮａ点滴静注８０ｍｇシリンジ「武田テバ」
620008180	オザグレルＮａ注射液８０ｍｇシリンジ「サワイ」
621645502	オザグレルＮａ注８０ｍｇシリンジ「ＩＰ」
620005647	オザグレルＮａ注射液８０ｍｇバッグ「サワイ」
622093801	オザグレルＮａ点滴静注８０ｍｇバッグ「タカタ」
622263401	オザグレルＮａ点滴静注８０ｍｇバッグ「テルモ」
621660005	オザグレルＮａ点滴静注８０ｍｇ／２００ｍＬバッグ「ＦＹ」
620008178	オザグレルＮａ注射液２０ｍｇシリンジ「サワイ」
620008179	オザグレルＮａ注射液４０ｍｇシリンジ「サワイ」
622462201	オザグレルＮａ点滴静注８０ｍｇ／１００ｍＬバッグ「ＩＰ」
621643701	オザグレルＮａ点滴静注８０ｍｇ「タカタ」
621519105	オザグレルＮａ点滴静注２０ｍｇシリンジ「ＮＩＧ」
621519205	オザグレルＮａ点滴静注４０ｍｇシリンジ「ＮＩＧ」
621519305	オザグレルＮａ点滴静注８０ｍｇシリンジ「ＮＩＧ」
620002925	カタクロット注射液２０ｍｇ
620002926	カタクロット注射液４０ｍｇ
621808401	オザグレルＮａ点滴静注２０ｍｇ「タカタ」
622759900	オザグレルナトリウム２０ｍｇ１ｍＬ注射液
621808501	オザグレルＮａ点滴静注４０ｍｇ「タカタ」
622760000	オザグレルナトリウム４０ｍｇ２ｍＬ注射液
622873901	オザグレルＮａ注８０ｍｇシリンジ「トーワ」
